trade_id,timestamp,price,quantity,side,trader_id,manager_id,exchange,order_type,fee_rate,settlement_status,venue_code,session_id,latency_ms,region_code,api_version,ip_hash,raw_msg_id
BATUSDT_00000271,2026-01-01 03:08:11.941215,0.204832,0.151433,BUY,wallet_BAT0003,,BINANCE,MARKET,0.000794,SETTLED,VC104,d4351837af1d,94,EU-CENTRAL,v2.3,f213c9f3,MSG301893664
BATUSDT_00000132,2026-01-01 06:13:48.457315,0.206027,0.037936,SELL,wallet_BAT0011,,BINANCE,MARKET,0.001371,SETTLED,VC484,d5e9c9e30cbf,292,APAC-NORTH,v3.0,741e05d6,MSG811795868
BATUSDT_00000354,2026-01-01 10:30:46.220185,0.2109,1.371988,SELL,wallet_BAT0029,,BINANCE,MARKET,0.000808,SETTLED,VC433,23f8cc0fc963,445,EU-CENTRAL,v2.2,6a132c35,MSG352470364
BATUSDT_00000495,2026-01-01 12:30:07.000245,0.214539,0.108283,BUY,wallet_BAT0012,,BINANCE,LIMIT,0.001104,SETTLED,VC547,b2da580dcc6a,171,APAC-NORTH,v2.3,5e5a46e4,MSG614068009
BATUSDT_00000448,2026-01-01 12:30:45.762601,0.214627,5.280726,SELL,wallet_BAT0006,,BINANCE,LIMIT,0.001254,SETTLED,VC311,a39592348e62,7,APAC-NORTH,v2.3,b137353e,MSG984951865
BATUSDT_00000235,2026-01-01 12:52:34.919309,0.216488,0.309662,BUY,wallet_BAT0028,,BINANCE,MARKET,0.000739,SETTLED,VC391,c0e26a20482a,9,APAC-NORTH,v2.3,84c8516d,MSG265089226
BATUSDT_00000139,2026-01-01 16:02:04.974902,0.217988,0.291922,SELL,wallet_BAT0012,,BINANCE,MARKET,0.000924,SETTLED,VC351,21a9e352c340,356,US-EAST,v3.0,2d3e36fc,MSG715175642
BATUSDT_00000070,2026-01-01 19:24:27.739986,0.218326,1.284624,SELL,wallet_BAT0007,,BINANCE,MARKET,0.001138,SETTLED,VC462,d705d1b1477f,336,APAC-NORTH,v2.2,d6a604df,MSG941489801
BATUSDT_00000156,2026-01-01 21:46:54.626918,0.21953,0.295173,SELL,wallet_BAT0023,,BINANCE,MARKET,0.00137,SETTLED,VC463,9c850da8ab5f,442,US-EAST,v2.2,7d084b69,MSG147881397
BATUSDT_00000315,2026-01-01 23:22:19.612480,0.220735,0.470943,BUY,wallet_BAT0013,,BINANCE,LIMIT,0.000879,SETTLED,VC375,57972abcbee4,104,EU-CENTRAL,v2.2,95bba3d3,MSG558694585
BATUSDT_00000416,2026-01-02 02:00:19.581818,0.222401,0.07446,BUY,wallet_BAT0017,,BINANCE,MARKET,0.000639,SETTLED,VC547,2ff11a0216d4,354,APAC-NORTH,v2.3,80c576fc,MSG160864914
BATUSDT_00000418,2026-01-02 05:35:08.368683,0.219351,0.285118,BUY,wallet_BAT0026,,BINANCE,MARKET,0.000731,SETTLED,VC538,cda6f090d9fa,476,EU-CENTRAL,v2.2,35d26bf5,MSG315752423
BATUSDT_00000256,2026-01-02 05:57:03.526770,0.219745,0.13691,SELL,wallet_BAT0015,,BINANCE,MARKET,0.001434,SETTLED,VC771,c2baa00dc936,390,APAC-SOUTH,v2.2,4ce7940c,MSG827484116
BATUSDT_00000230,2026-01-02 08:53:28.720837,0.217227,0.11414,SELL,wallet_BAT0007,,BINANCE,MARKET,0.001153,SETTLED,VC534,38bfa2bf97cc,5,EU-CENTRAL,v3.0,b5a0b6eb,MSG488923339
BATUSDT_00000476,2026-01-02 09:45:43.478313,0.221086,0.040439,SELL,wallet_BAT0024,,BINANCE,MARKET,0.001428,SETTLED,VC391,a4d614c0f797,321,APAC-SOUTH,v2.3,b39ee659,MSG531987202
BATUSDT_00000337,2026-01-02 10:07:48.095407,0.222799,0.065534,SELL,wallet_BAT0007,,BINANCE,MARKET,0.001212,SETTLED,VC725,9fb8d1a55f4a,299,US-WEST,v2.2,bd06a113,MSG340203186
BATUSDT_00000037,2026-01-02 13:35:09.286393,0.221817,0.243256,SELL,wallet_BAT0003,,BINANCE,MARKET,0.001171,SETTLED,VC766,a9901f4f4843,100,APAC-SOUTH,v3.0,0caf3ba0,MSG618593024
BATUSDT_00000369,2026-01-02 14:13:32.325221,0.22114,0.109862,BUY,wallet_BAT0004,,BINANCE,LIMIT,0.00084,SETTLED,VC777,4eb28e2a38ae,223,US-EAST,v2.2,90454c51,MSG459492190
BATUSDT_00000028,2026-01-02 16:34:56.973486,0.225117,0.131053,SELL,wallet_BAT0016,,BINANCE,MARKET,0.001101,SETTLED,VC487,f89acf9a14db,320,US-WEST,v2.2,f662d4c8,MSG521563519
BATUSDT_00000128,2026-01-03 06:52:14.876815,0.2207,0.098783,SELL,wallet_BAT0003,,BINANCE,MARKET,0.000529,SETTLED,VC250,303f7dde0d2e,180,US-WEST,v2.3,86ad4d77,MSG911332382
BATUSDT_00000066,2026-01-03 10:30:00.704070,0.217976,0.094172,BUY,wallet_BAT0007,,BINANCE,MARKET,0.001067,SETTLED,VC781,384426d61280,305,EU-CENTRAL,v2.1,14cbce98,MSG881850696
BATUSDT_00000490,2026-01-03 13:24:30.563138,0.220225,0.130444,BUY,wallet_BAT0012,,BINANCE,MARKET,0.001315,SETTLED,VC389,6ccc391a0230,321,APAC-SOUTH,v3.0,85bb9ed2,MSG616945355
BATUSDT_00000307,2026-01-04 00:33:46.756431,0.222213,0.07946,SELL,wallet_BAT0010,,BINANCE,STOP_LIMIT,0.00136,SETTLED,VC314,4f3f7b693f1e,220,APAC-NORTH,v3.0,8201f18f,MSG211978087
BATUSDT_00000262,2026-01-04 09:48:23.138232,0.220764,0.324298,SELL,wallet_BAT0021,,BINANCE,LIMIT,0.000833,SETTLED,VC547,b4a511f51b3d,467,US-EAST,v2.2,c462b9a4,MSG831001878
BATUSDT_00000124,2026-01-04 14:57:50.049277,0.2213,0.180158,SELL,wallet_BAT0020,,BINANCE,LIMIT,0.001018,SETTLED,VC106,ae99a94710e1,122,APAC-NORTH,v2.3,2af308af,MSG340049175
BATUSDT_00000125,2026-01-05 01:37:19.786098,0.225373,0.091411,SELL,wallet_BAT0005,,BINANCE,MARKET,0.00072,SETTLED,VC231,b884ae820163,334,APAC-SOUTH,v2.3,2dad0f08,MSG633656467
BATUSDT_00000011,2026-01-05 01:53:33.772782,0.233222,0.603629,BUY,wallet_BAT0004,,BINANCE,MARKET,0.000809,SETTLED,VC181,d19caf45b110,213,US-WEST,v2.3,8dce2262,MSG290803202
BATUSDT_00000379,2026-01-05 02:17:47.683109,0.235056,0.456812,BUY,wallet_BAT0009,,BINANCE,MARKET,0.001256,SETTLED,VC555,e78ad6eb126c,232,APAC-SOUTH,v2.3,d5b09744,MSG830382946
BATUSDT_00000295,2026-01-05 04:32:17.731318,0.229568,0.33691,BUY,wallet_BAT0029,,BINANCE,LIMIT,0.000971,SETTLED,VC752,061cb17a7329,314,APAC-SOUTH,v3.0,82544be8,MSG131889682
BATUSDT_00000114,2026-01-05 05:22:42.022488,0.225071,0.265842,BUY,wallet_BAT0027,,BINANCE,MARKET,0.001102,SETTLED,VC931,15ef335d6578,469,US-WEST,v2.3,5d47f86b,MSG797492639
BATUSDT_00000477,2026-01-05 05:25:43.449658,0.225781,0.157006,BUY,wallet_BAT0010,,BINANCE,MARKET,0.001136,SETTLED,VC143,37c8aa6b4e4d,2,EU-CENTRAL,v2.3,58de607e,MSG180163777
BATUSDT_00000084,2026-01-05 05:40:58.217727,0.225984,0.18505,SELL,wallet_BAT0024,,BINANCE,MARKET,0.001289,SETTLED,VC111,0b4399c884b1,9,US-EAST,v3.0,3f1d88fa,MSG222043055
BATUSDT_00000496,2026-01-05 05:59:48.157250,0.225402,0.020843,SELL,wallet_BAT0028,,BINANCE,MARKET,0.000882,SETTLED,VC295,549f482eaf3a,187,APAC-NORTH,v2.1,cb9f607b,MSG711074154
BATUSDT_00000159,2026-01-05 06:26:54.629302,0.224959,0.420156,BUY,wallet_BAT0017,,BINANCE,MARKET,0.000971,SETTLED,VC803,430eac6e1900,5,US-WEST,v3.0,5ae1014a,MSG925277141
BATUSDT_00000374,2026-01-05 06:28:23.322399,0.223637,1.18601,BUY,wallet_BAT0012,,BINANCE,MARKET,0.001168,SETTLED,VC592,90cedd8fe1b7,9,EU-CENTRAL,v2.3,6475feb0,MSG189162698
BATUSDT_00000222,2026-01-05 10:22:22.115212,0.224745,0.092485,SELL,wallet_BAT0007,,BINANCE,LIMIT,0.000824,SETTLED,VC881,2a797e1b2b4c,203,APAC-NORTH,v2.2,3f91dd7d,MSG918141153
BATUSDT_00000134,2026-01-05 15:44:41.814815,0.230793,1.138312,BUY,wallet_BAT0001,,BINANCE,MARKET,0.001013,SETTLED,VC937,5075cc2b549a,136,US-WEST,v2.3,2e6ecdee,MSG327811093
BATUSDT_00000246,2026-01-05 23:08:57.292307,0.22779,1.24176,BUY,wallet_BAT0018,,BINANCE,LIMIT,0.000653,SETTLED,VC865,944be9fb8530,375,APAC-SOUTH,v2.1,2bda1777,MSG240786798
BATUSDT_00000411,2026-01-06 00:37:43.907975,0.226362,0.108068,SELL,wallet_BAT0029,,BINANCE,MARKET,0.001013,SETTLED,VC415,3300fe2184ca,115,EU-CENTRAL,v2.1,817e9cbb,MSG177213644
BATUSDT_00000129,2026-01-06 03:37:43.311771,0.22965,4.404766,BUY,wallet_BAT0028,,BINANCE,MARKET,0.000796,SETTLED,VC165,8fa678b68307,104,APAC-SOUTH,v2.2,3d3da6d7,MSG869300770
BATUSDT_00000016,2026-01-06 14:46:08.446455,0.231261,1.228649,BUY,wallet_BAT0022,,BINANCE,MARKET,0.001252,SETTLED,VC242,4a1e8ab1f6ca,262,APAC-NORTH,v3.0,a5ab96d7,MSG525519619
BATUSDT_00000058,2026-01-06 16:42:59.440541,0.224469,0.197258,SELL,wallet_BAT0028,,BINANCE,MARKET,0.000664,SETTLED,VC451,ba21203232d8,307,EU-CENTRAL,v2.1,00a9659f,MSG127010561
BATUSDT_00000072,2026-01-06 17:10:09.667991,0.2243,0.1049,SELL,wallet_BAT0001,,BINANCE,MARKET,0.001111,SETTLED,VC769,b8c14afb60c2,343,US-EAST,v2.2,568534f4,MSG380480860
BATUSDT_00000413,2026-01-06 21:59:52.034663,0.225385,0.324541,SELL,wallet_BAT0008,,BINANCE,LIMIT,0.000543,SETTLED,VC533,4e7b31e516a4,220,APAC-NORTH,v2.3,c5a49b95,MSG877906418
BATUSDT_00000268,2026-01-06 23:27:40.743937,0.225287,0.036475,SELL,wallet_BAT0027,,BINANCE,STOP_LIMIT,0.001235,SETTLED,VC118,a3501f67eaf7,202,APAC-SOUTH,v3.0,aab60c59,MSG920305103
BATUSDT_00000406,2026-01-07 01:01:44.865704,0.22179,0.091842,BUY,wallet_BAT0025,,BINANCE,MARKET,0.00128,SETTLED,VC150,5381520b750e,157,US-EAST,v2.3,02c9e241,MSG548003834
BATUSDT_00000173,2026-01-07 03:07:10.567229,0.222072,0.521205,SELL,wallet_BAT0018,,BINANCE,MARKET,0.00078,SETTLED,VC574,cfd15350fd72,86,APAC-NORTH,v2.1,86dfaf5c,MSG937872511
BATUSDT_00000033,2026-01-07 06:00:11.441895,0.221405,0.240005,SELL,wallet_BAT0024,,BINANCE,MARKET,0.001126,SETTLED,VC411,53fab6614556,130,APAC-NORTH,v2.3,81b27d98,MSG659497209
BATUSDT_00000094,2026-01-07 06:10:48.500859,0.222749,0.100512,SELL,wallet_BAT0024,,BINANCE,MARKET,0.001199,SETTLED,VC730,da862224222b,172,APAC-SOUTH,v2.3,4a0625d4,MSG455889222
BATUSDT_00000249,2026-01-07 08:24:45.483756,0.228798,0.784039,BUY,wallet_BAT0024,,BINANCE,MARKET,0.001386,SETTLED,VC882,e5a72aff47a2,322,APAC-SOUTH,v2.2,ef749b69,MSG963300347
BATUSDT_00000363,2026-01-07 08:59:53.909466,0.229693,0.080674,SELL,wallet_BAT0017,,BINANCE,MARKET,0.001335,SETTLED,VC306,5246656449d3,241,US-EAST,v2.2,197b9880,MSG280051389
BATUSDT_00000006,2026-01-07 09:07:58.032548,0.227384,0.269858,SELL,wallet_BAT0029,,BINANCE,MARKET,0.000543,SETTLED,VC115,e1eee7bfa911,78,EU-CENTRAL,v2.3,ef5f2696,MSG548679549
BATUSDT_00000387,2026-01-07 13:49:14.984791,0.221941,0.877933,BUY,wallet_BAT0007,,BINANCE,STOP_LIMIT,0.000847,SETTLED,VC468,6649041903ce,233,US-EAST,v2.3,40a57cc4,MSG546155633
BATUSDT_00000358,2026-01-07 13:56:08.141413,0.221109,0.144302,SELL,wallet_BAT0004,,BINANCE,MARKET,0.000767,SETTLED,VC650,e9783c25f453,451,APAC-NORTH,v2.2,c1d42acc,MSG882664282
BATUSDT_00000414,2026-01-07 14:17:27.808240,0.219407,0.199297,BUY,wallet_BAT0022,,BINANCE,STOP_LIMIT,0.00103,SETTLED,VC270,096cb03076d5,149,APAC-SOUTH,v3.0,4dbae43a,MSG289938637
BATUSDT_00000407,2026-01-07 14:42:30.814980,0.221761,0.008381,SELL,wallet_BAT0026,,BINANCE,STOP_LIMIT,0.000616,SETTLED,VC955,c366b93f13e1,303,APAC-NORTH,v2.3,c3590e51,MSG778531475
BATUSDT_00000099,2026-01-07 15:49:34.213814,0.217813,0.054174,SELL,wallet_BAT0010,,BINANCE,MARKET,0.001053,SETTLED,VC896,44c949babdd6,4,APAC-NORTH,v3.0,ed8bcd64,MSG717592845
BATUSDT_00000233,2026-01-07 17:05:36.284330,0.216882,0.040382,BUY,wallet_BAT0029,,BINANCE,MARKET,0.000546,SETTLED,VC323,5816acd7b3f2,158,US-EAST,v2.2,ca21ed36,MSG664054287
BATUSDT_00000141,2026-01-07 18:34:07.036464,0.219254,0.099247,BUY,wallet_BAT0016,,BINANCE,STOP_LIMIT,0.000535,SETTLED,VC826,03e9f93fff3e,235,APAC-NORTH,v3.0,1d3addba,MSG500266473
BATUSDT_00000236,2026-01-07 19:37:25.381490,0.21651,0.714871,BUY,wallet_BAT0011,,BINANCE,LIMIT,0.001089,SETTLED,VC634,b8fa0093a8d9,374,EU-CENTRAL,v3.0,51713926,MSG558782140
BATUSDT_00000421,2026-01-07 20:08:31.364671,0.214126,0.00714,BUY,wallet_BAT0011,,BINANCE,LIMIT,0.000966,SETTLED,VC145,8e016e0c7a1a,365,US-WEST,v2.2,f5f60247,MSG592077709
BATUSDT_00000463,2026-01-07 20:09:29.842770,0.213723,0.055377,SELL,wallet_BAT0002,,BINANCE,MARKET,0.000942,SETTLED,VC134,9d842520b3cf,436,EU-CENTRAL,v3.0,c58c3159,MSG872258689
BATUSDT_00000017,2026-01-07 20:46:24.506179,0.211921,0.087086,SELL,wallet_BAT0030,,BINANCE,MARKET,0.000916,SETTLED,VC232,7c3c2103cf19,214,US-EAST,v2.1,d83c0380,MSG362501592
BATUSDT_00000322,2026-01-07 21:01:13.573041,0.212532,0.581802,SELL,wallet_BAT0006,,BINANCE,MARKET,0.000776,SETTLED,VC212,d905dfc16d8a,71,US-WEST,v2.2,bb2f6985,MSG867259498
BATUSDT_00000259,2026-01-07 21:19:46.139215,0.211034,3.567117,SELL,wallet_BAT0012,,BINANCE,LIMIT,0.001072,SETTLED,VC314,20946da9dc1c,36,US-WEST,v3.0,c7f355e1,MSG486529766
BATUSDT_00000067,2026-01-07 23:28:28.149936,0.214263,0.029966,BUY,wallet_BAT0001,,BINANCE,MARKET,0.000963,SETTLED,VC302,24740a7a5705,57,APAC-SOUTH,v2.3,0c5f47f6,MSG333871307
BATUSDT_00000170,2026-01-08 05:51:14.275389,0.212717,0.028965,SELL,wallet_BAT0027,,BINANCE,MARKET,0.001463,SETTLED,VC853,0632f8bc05cd,51,APAC-NORTH,v2.1,1aa2a698,MSG261056509
BATUSDT_00000226,2026-01-08 06:46:07.472498,0.213837,0.234722,BUY,wallet_BAT0016,,BINANCE,MARKET,0.000949,SETTLED,VC194,16d6d2bed770,219,US-EAST,v2.2,e66634af,MSG762588390
BATUSDT_00000213,2026-01-08 10:02:04.934924,0.207299,0.202854,BUY,wallet_BAT0028,,BINANCE,STOP_LIMIT,0.000937,SETTLED,VC826,9480ba0ac55f,211,APAC-NORTH,v2.1,0b2b4416,MSG325278567
BATUSDT_00000214,2026-01-08 10:11:36.492024,0.207979,2.146285,BUY,wallet_BAT0022,,BINANCE,MARKET,0.001337,SETTLED,VC873,953292001f85,206,APAC-NORTH,v2.1,3c3e3bee,MSG102376244
BATUSDT_00000332,2026-01-08 14:21:58.078753,0.206682,0.08114,SELL,wallet_BAT0014,,BINANCE,STOP_LIMIT,0.001324,SETTLED,VC319,91a8121f9bcd,47,APAC-NORTH,v2.3,2390e949,MSG118892996
BATUSDT_00000180,2026-01-08 14:40:05.762985,0.206335,0.298579,BUY,wallet_BAT0004,,BINANCE,LIMIT,0.000501,SETTLED,VC239,6afb01a8ca3e,111,US-EAST,v3.0,2b8b0abb,MSG959779162
BATUSDT_00000339,2026-01-08 16:17:24.666201,0.209994,0.086858,SELL,wallet_BAT0011,,BINANCE,MARKET,0.000716,SETTLED,VC954,a5c8e3a851a3,200,APAC-SOUTH,v3.0,59482116,MSG247754961
BATUSDT_00000388,2026-01-08 17:47:50.069963,0.211151,0.808693,BUY,wallet_BAT0015,,BINANCE,LIMIT,0.000509,SETTLED,VC577,250779c39897,395,US-EAST,v2.2,0ccc04af,MSG703306926
BATUSDT_00000208,2026-01-08 21:17:01.979243,0.208564,3.754378,SELL,wallet_BAT0015,,BINANCE,MARKET,0.000748,SETTLED,VC357,e3594f2f7078,306,APAC-NORTH,v3.0,6af1a756,MSG376269236
BATUSDT_00000321,2026-01-09 01:29:59.773706,0.210785,0.048301,BUY,wallet_BAT0029,,BINANCE,MARKET,0.000796,SETTLED,VC510,60dba22d78a3,80,US-EAST,v2.1,cf4d90b0,MSG426041497
BATUSDT_00000371,2026-01-09 08:54:43.433298,0.206708,0.096464,SELL,wallet_BAT0021,,BINANCE,MARKET,0.00149,SETTLED,VC431,963312be96fd,370,APAC-SOUTH,v2.3,5a0816cd,MSG860814630
BATUSDT_00000097,2026-01-09 09:45:40.848394,0.209365,1.468484,BUY,wallet_BAT0002,,BINANCE,MARKET,0.000565,SETTLED,VC215,ebc703b7bfb3,247,US-EAST,v2.1,8228c98b,MSG202969516
BATUSDT_00000077,2026-01-09 10:29:20.353763,0.20755,1.978154,BUY,wallet_BAT0011,,BINANCE,MARKET,0.000664,SETTLED,VC649,7bbfe40bb1f2,140,US-WEST,v3.0,0788728c,MSG136269727
BATUSDT_00000436,2026-01-09 12:48:20.504666,0.207713,3.106439,BUY,wallet_BAT0018,,BINANCE,MARKET,0.001319,SETTLED,VC457,8639f5e9912a,215,US-EAST,v2.2,2c29291e,MSG276786661
BATUSDT_00000209,2026-01-09 14:31:18.211286,0.208998,0.071478,BUY,wallet_BAT0023,,BINANCE,MARKET,0.001482,SETTLED,VC504,41ca4f521b8d,90,APAC-SOUTH,v2.2,024aec02,MSG210063916
BATUSDT_00000158,2026-01-09 14:39:55.714575,0.209037,0.015857,SELL,wallet_BAT0006,,BINANCE,MARKET,0.000568,SETTLED,VC790,489a83ae8e67,422,APAC-SOUTH,v2.2,721d7c62,MSG869263161
BATUSDT_00000022,2026-01-09 14:58:42.294997,0.208095,0.580142,SELL,wallet_BAT0001,,BINANCE,MARKET,0.000532,SETTLED,VC311,eba1a7aa6cfa,106,APAC-SOUTH,v2.3,eab705b6,MSG932650876
BATUSDT_00000237,2026-01-09 15:01:17.419250,0.207943,1.49281,BUY,wallet_BAT0020,,BINANCE,MARKET,0.001261,SETTLED,VC483,8dd4ccf0c9c9,431,EU-CENTRAL,v3.0,753fea4c,MSG573983868
BATUSDT_00000049,2026-01-09 15:28:31.550987,0.211824,0.107487,SELL,wallet_BAT0016,,BINANCE,MARKET,0.001309,SETTLED,VC200,26c802872646,356,APAC-NORTH,v2.2,b09c7291,MSG475833759
BATUSDT_00000467,2026-01-09 16:34:27.738934,0.210417,0.033282,BUY,wallet_BAT0028,,BINANCE,MARKET,0.001213,SETTLED,VC427,0043e382a24e,267,APAC-NORTH,v2.3,33a9eeed,MSG139109259
BATUSDT_00000113,2026-01-09 16:45:07.878028,0.210415,0.214514,SELL,wallet_BAT0014,,BINANCE,LIMIT,0.001475,SETTLED,VC294,b552a25f2694,256,APAC-NORTH,v2.2,88257cfd,MSG947040879
BATUSDT_00000314,2026-01-11 00:53:58.940723,0.203452,0.031893,BUY,wallet_BAT0007,,BINANCE,LIMIT,0.000646,SETTLED,VC783,f0a00d861013,204,EU-CENTRAL,v2.3,8a759ff6,MSG615992977
BATUSDT_00000127,2026-01-11 14:43:24.061543,0.2012,0.497685,BUY,wallet_BAT0004,,BINANCE,LIMIT,0.001231,SETTLED,VC258,c93e9e67829c,153,US-WEST,v3.0,473f0a9c,MSG499398598
BATUSDT_00000048,2026-01-11 16:04:28.240012,0.201192,0.162769,SELL,wallet_BAT0009,,BINANCE,MARKET,0.000825,SETTLED,VC670,1e57962c129f,328,US-EAST,v2.3,061ee150,MSG468780811
BATUSDT_00000148,2026-01-11 19:28:20.892262,0.2003,0.017839,SELL,wallet_BAT0012,,BINANCE,LIMIT,0.000928,SETTLED,VC109,b20fc23c15ff,86,US-EAST,v2.3,5f526863,MSG803559878
BATUSDT_00000290,2026-01-11 20:05:00.157591,0.197663,0.757204,SELL,wallet_BAT0024,,BINANCE,MARKET,0.000812,SETTLED,VC951,acfd45bf69de,66,US-WEST,v3.0,95126521,MSG638337493
BATUSDT_00000135,2026-01-11 20:17:47.250174,0.195571,0.084282,SELL,wallet_BAT0028,,BINANCE,MARKET,0.000544,SETTLED,VC993,bccf6a2edbdf,237,US-EAST,v3.0,98153522,MSG331312942
BATUSDT_00000375,2026-01-11 20:28:54.627100,0.19527,0.017167,BUY,wallet_BAT0028,,BINANCE,LIMIT,0.001092,SETTLED,VC894,6779c5f1e771,22,EU-CENTRAL,v2.3,6575b9c8,MSG345780255
BATUSDT_00000192,2026-01-12 02:11:48.585483,0.193897,0.174317,SELL,wallet_BAT0020,,BINANCE,MARKET,0.000963,SETTLED,VC796,0732b18495c0,438,US-WEST,v2.3,7eb8af1e,MSG810873808
BATUSDT_00000083,2026-01-12 03:37:06.693069,0.194327,0.363823,BUY,wallet_BAT0028,,BINANCE,STOP_LIMIT,0.000805,SETTLED,VC847,0b140f1ba491,273,APAC-NORTH,v2.1,85eefe8c,MSG186377335
BATUSDT_00000280,2026-01-12 03:58:00.113772,0.192711,1.283132,SELL,wallet_BAT0005,,BINANCE,MARKET,0.001032,SETTLED,VC887,cd47280d6a2e,451,US-EAST,v2.3,a7eac572,MSG992613972
BATUSDT_00000432,2026-01-12 04:15:20.832943,0.192226,4.164894,SELL,wallet_BAT0020,,BINANCE,MARKET,0.000882,SETTLED,VC851,56a09afc9cdb,11,APAC-NORTH,v2.3,aba202c0,MSG569907586
BATUSDT_00000203,2026-01-12 08:34:19.842829,0.189529,0.092213,SELL,wallet_BAT0010,,BINANCE,MARKET,0.001169,SETTLED,VC134,3f1b72315c29,202,APAC-SOUTH,v2.3,ffac8049,MSG379537342
BATUSDT_00000224,2026-01-13 00:05:03.954855,0.1924,0.651301,BUY,wallet_BAT0003,,BINANCE,MARKET,0.000803,SETTLED,VC864,9967f008c510,5,APAC-NORTH,v2.3,9efae067,MSG239041933
BATUSDT_00000265,2026-01-13 04:02:33.070299,0.196544,0.262834,SELL,wallet_BAT0008,,BINANCE,LIMIT,0.000731,SETTLED,VC119,1a8272e15df9,104,APAC-SOUTH,v2.3,c2417299,MSG699804578
BATUSDT_00000252,2026-01-13 04:19:57.900040,0.198079,0.97292,BUY,wallet_BAT0008,,BINANCE,MARKET,0.000786,SETTLED,VC584,583de26543e4,437,EU-CENTRAL,v2.1,aa7f8e01,MSG217863326
BATUSDT_00000102,2026-01-13 04:24:20.752994,0.197026,0.673244,BUY,wallet_BAT0015,,BINANCE,MARKET,0.000844,SETTLED,VC633,731c779f0fd6,363,APAC-SOUTH,v2.3,ca82c008,MSG960076767
BATUSDT_00000409,2026-01-13 09:34:53.727065,0.198192,0.060797,BUY,wallet_BAT0008,,BINANCE,LIMIT,0.000849,SETTLED,VC474,38428839146e,53,US-EAST,v2.2,439f8352,MSG538153996
BATUSDT_00000023,2026-01-13 10:29:24.074509,0.20328,2.33373,SELL,wallet_BAT0011,,BINANCE,LIMIT,0.0008,SETTLED,VC886,9fe65c4bace5,348,US-WEST,v2.3,3a82a6cc,MSG459785699
BATUSDT_00000055,2026-01-13 10:44:50.742749,0.202061,0.313495,BUY,wallet_BAT0022,,BINANCE,MARKET,0.000828,SETTLED,VC461,468dac43995b,200,APAC-NORTH,v2.3,924f350a,MSG229918752
BATUSDT_00000309,2026-01-13 10:58:55.647861,0.203625,0.524956,BUY,wallet_BAT0001,,BINANCE,MARKET,0.001444,SETTLED,VC611,e898ad55e454,472,APAC-SOUTH,v2.2,99ed2598,MSG211975147
BATUSDT_00000118,2026-01-13 11:07:04.894764,0.203865,0.03708,SELL,wallet_BAT0002,,BINANCE,MARKET,0.001009,SETTLED,VC221,e41d281f3281,234,EU-CENTRAL,v2.3,cce694fe,MSG338924644
BATUSDT_00000479,2026-01-13 11:12:33.580045,0.203506,1.208778,SELL,wallet_BAT0014,,BINANCE,MARKET,0.00072,SETTLED,VC114,0ad83828e799,334,APAC-NORTH,v3.0,4284ccc9,MSG304608239
BATUSDT_00000106,2026-01-13 11:38:13.962877,0.205228,2.575404,BUY,wallet_BAT0028,,BINANCE,LIMIT,0.000987,SETTLED,VC493,edbc022e9142,149,APAC-NORTH,v2.3,e7421d73,MSG628693757
BATUSDT_00000310,2026-01-13 11:48:46.458270,0.203498,0.157518,SELL,wallet_BAT0018,,BINANCE,MARKET,0.001209,SETTLED,VC519,e515543ca909,210,APAC-SOUTH,v2.2,5aad4c13,MSG763517082
BATUSDT_00000473,2026-01-13 11:57:58.484419,0.20641,0.643279,BUY,wallet_BAT0014,,BINANCE,LIMIT,0.001228,SETTLED,VC596,fbefdae40184,110,APAC-NORTH,v3.0,aed56398,MSG730174271
BATUSDT_00000223,2026-01-13 12:00:38.939732,0.204036,0.149705,BUY,wallet_BAT0008,,BINANCE,MARKET,0.001173,SETTLED,VC551,303d526ecb88,390,EU-CENTRAL,v2.2,9fa702d2,MSG410407687
BATUSDT_00000437,2026-01-13 12:17:23.585683,0.202618,0.048788,SELL,wallet_BAT0027,,BINANCE,MARKET,0.00054,SETTLED,VC373,75f30968a608,303,US-WEST,v2.2,169fd963,MSG726464060
BATUSDT_00000254,2026-01-13 12:30:38.882998,0.204677,0.024286,SELL,wallet_BAT0001,,BINANCE,LIMIT,0.001359,SETTLED,VC612,f2ee6d06cdec,215,EU-CENTRAL,v2.2,a05e3ce5,MSG464729832
BATUSDT_00000091,2026-01-13 12:51:02.949505,0.203509,0.083045,SELL,wallet_BAT0003,,BINANCE,MARKET,0.000875,SETTLED,VC433,c1dfcf327dd7,220,EU-CENTRAL,v2.3,7d9223ed,MSG234461804
BATUSDT_00000501,2026-01-13 13:21:00.000000,0.20121,0.134764,BUY,trader_07,mgr_03,BINANCE,MARKET,0.000787,SETTLED,VC964,77af9f2c5a0b,266,US-EAST,v3.0,9c2cc2f8,MSG370066387
BATUSDT_00000248,2026-01-13 13:29:52.312692,0.202339,0.051937,BUY,wallet_BAT0030,,BINANCE,LIMIT,0.001237,SETTLED,VC965,a481cf7fe39d,312,EU-CENTRAL,v3.0,814bf382,MSG235691065
BATUSDT_00000341,2026-01-13 14:01:16.554459,0.201927,0.063918,SELL,wallet_BAT0008,,BINANCE,MARKET,0.00123,SETTLED,VC551,e6758575459d,389,EU-CENTRAL,v2.3,15108596,MSG690730407
BATUSDT_00000502,2026-01-13 14:13:00.000000,0.20158,0.137242,SELL,trader_07,mgr_03,BINANCE,MARKET,0.000891,SETTLED,VC321,4530873bb034,435,US-WEST,v3.0,b18145bb,MSG440095793
BATUSDT_00000186,2026-01-13 15:11:33.638089,0.200057,0.484154,BUY,wallet_BAT0028,,BINANCE,LIMIT,0.001472,SETTLED,VC714,5dc6c2e0332d,423,APAC-SOUTH,v3.0,282883aa,MSG202880246
BATUSDT_00000031,2026-01-13 16:02:11.723488,0.202524,2.398271,SELL,wallet_BAT0009,,BINANCE,MARKET,0.001178,SETTLED,VC891,53d915c4571e,474,APAC-NORTH,v2.3,d4f443ca,MSG394713752
BATUSDT_00000298,2026-01-13 17:35:36.906483,0.201434,0.082738,SELL,wallet_BAT0010,,BINANCE,LIMIT,0.001403,SETTLED,VC130,923a10a3e87c,470,US-EAST,v3.0,c19884b7,MSG342687032
BATUSDT_00000043,2026-01-13 22:10:27.437586,0.206341,2.249501,BUY,wallet_BAT0015,,BINANCE,MARKET,0.001225,SETTLED,VC583,f1da27b07795,251,APAC-SOUTH,v3.0,ebda99ea,MSG331878851
BATUSDT_00000112,2026-01-13 22:15:28.827351,0.206792,0.026326,BUY,wallet_BAT0002,,BINANCE,MARKET,0.000967,SETTLED,VC339,da24b9884588,452,APAC-NORTH,v3.0,d846dd76,MSG223995519
BATUSDT_00000327,2026-01-13 23:14:53.506438,0.208162,0.052799,SELL,wallet_BAT0005,,BINANCE,MARKET,0.000534,SETTLED,VC376,d1fb91dea97c,323,US-EAST,v2.2,f8aef86c,MSG794937988
BATUSDT_00000348,2026-01-14 06:02:26.325178,0.204129,0.824144,BUY,wallet_BAT0006,,BINANCE,MARKET,0.000593,SETTLED,VC488,2129179ddc8a,26,APAC-NORTH,v2.3,ae8dfe47,MSG619993363
BATUSDT_00000494,2026-01-14 07:00:35.498148,0.20607,0.591226,SELL,wallet_BAT0024,,BINANCE,MARKET,0.000908,SETTLED,VC975,50c4109fcd90,468,US-EAST,v2.1,6ea3af15,MSG904745608
BATUSDT_00000469,2026-01-14 11:11:50.602956,0.20526,0.278658,BUY,wallet_BAT0012,,BINANCE,MARKET,0.000536,SETTLED,VC380,c519a269837d,281,APAC-NORTH,v2.3,54e041e8,MSG923120965
BATUSDT_00000227,2026-01-14 11:15:44.330136,0.205185,0.377017,SELL,wallet_BAT0030,,BINANCE,MARKET,0.000624,SETTLED,VC553,638b85305fd0,236,US-WEST,v2.2,c292683c,MSG661415980
BATUSDT_00000225,2026-01-14 12:00:20.585415,0.204306,0.166246,SELL,wallet_BAT0019,,BINANCE,MARKET,0.001014,SETTLED,VC838,4587889da249,72,APAC-NORTH,v2.2,1847f9e7,MSG609587399
BATUSDT_00000472,2026-01-14 12:00:41.580092,0.204351,0.048366,BUY,wallet_BAT0001,,BINANCE,MARKET,0.000784,SETTLED,VC619,a67fdaa1823a,221,EU-CENTRAL,v2.2,f1d88862,MSG674154498
BATUSDT_00000149,2026-01-14 16:29:16.627277,0.20712,0.31186,SELL,wallet_BAT0029,,BINANCE,MARKET,0.0014,SETTLED,VC948,24015ccdee37,165,APAC-SOUTH,v2.2,aca1e7dd,MSG845717559
BATUSDT_00000441,2026-01-14 18:13:05.085785,0.204794,0.335595,BUY,wallet_BAT0014,,BINANCE,MARKET,0.001042,SETTLED,VC502,b33e7c0439e3,410,APAC-SOUTH,v2.2,6fd99893,MSG898797773
BATUSDT_00000032,2026-01-14 19:28:35.765400,0.205542,0.080772,SELL,wallet_BAT0017,,BINANCE,STOP_LIMIT,0.000651,SETTLED,VC119,63c296c47943,308,US-WEST,v2.3,48a6b2c1,MSG173090030
BATUSDT_00000483,2026-01-14 21:00:06.853545,0.204866,1.274761,BUY,wallet_BAT0029,,BINANCE,MARKET,0.00069,SETTLED,VC719,cc9eb07f7a43,187,US-WEST,v3.0,cac15b51,MSG860942995
BATUSDT_00000272,2026-01-14 22:56:15.421014,0.203473,0.032368,BUY,wallet_BAT0022,,BINANCE,MARKET,0.001268,SETTLED,VC897,69b580aa780d,11,US-WEST,v2.3,6392110d,MSG455942069
BATUSDT_00000325,2026-01-15 02:47:13.124726,0.203639,0.10272,BUY,wallet_BAT0030,,BINANCE,MARKET,0.001077,SETTLED,VC346,fa3bff232e69,381,APAC-SOUTH,v3.0,032cd45e,MSG245366848
BATUSDT_00000060,2026-01-15 02:47:16.009027,0.20299,0.075539,SELL,wallet_BAT0003,,BINANCE,MARKET,0.001006,SETTLED,VC955,02d4e4b06355,382,APAC-NORTH,v2.2,3e70d6eb,MSG470233178
BATUSDT_00000116,2026-01-15 03:30:42.995312,0.198329,0.264705,BUY,wallet_BAT0001,,BINANCE,MARKET,0.00064,SETTLED,VC337,b637b9bf80fd,103,APAC-SOUTH,v2.3,be6c1890,MSG237737365
BATUSDT_00000034,2026-01-15 04:40:19.562161,0.2007,0.425988,BUY,wallet_BAT0002,,BINANCE,STOP_LIMIT,0.001388,SETTLED,VC595,7db0a219cba1,58,US-WEST,v2.2,d324a630,MSG109219057
BATUSDT_00000155,2026-01-15 08:23:34.818696,0.202393,0.029765,SELL,wallet_BAT0011,,BINANCE,MARKET,0.000526,SETTLED,VC690,e9b5a135c6b9,214,US-EAST,v2.3,c91da4d6,MSG469919063
BATUSDT_00000105,2026-01-15 13:04:10.723896,0.1996,5.993803,SELL,wallet_BAT0011,,BINANCE,MARKET,0.000613,SETTLED,VC805,fc2257c8289f,184,APAC-SOUTH,v2.1,180ea5c8,MSG921543524
BATUSDT_00000088,2026-01-15 15:01:09.176464,0.197652,0.099249,BUY,wallet_BAT0009,,BINANCE,LIMIT,0.001463,SETTLED,VC382,bec6cf678c15,403,EU-CENTRAL,v2.3,e6e7229b,MSG469957538
BATUSDT_00000001,2026-01-15 15:20:40.076756,0.194862,0.481108,SELL,wallet_BAT0022,,BINANCE,MARKET,0.001447,SETTLED,VC314,845fb2cd875c,180,APAC-SOUTH,v2.2,c085d39a,MSG357529174
BATUSDT_00000085,2026-01-15 15:40:48.171077,0.192022,0.107987,SELL,wallet_BAT0006,,BINANCE,MARKET,0.001269,SETTLED,VC685,0f700c51d98c,29,US-WEST,v3.0,2995bfb2,MSG615143476
BATUSDT_00000144,2026-01-15 15:51:43.986669,0.18962,0.091083,SELL,wallet_BAT0030,,BINANCE,LIMIT,0.001154,SETTLED,VC653,214857ba1f5b,110,APAC-SOUTH,v2.2,4125a04c,MSG689736937
BATUSDT_00000020,2026-01-15 16:01:41.919709,0.191942,0.628847,SELL,wallet_BAT0003,,BINANCE,MARKET,0.000883,SETTLED,VC323,7e465f23bde9,139,APAC-SOUTH,v3.0,ce27aec0,MSG619569956
BATUSDT_00000086,2026-01-15 17:53:48.027176,0.193275,0.191111,SELL,wallet_BAT0020,,BINANCE,MARKET,0.000873,SETTLED,VC685,fbb17e5ed959,364,US-EAST,v2.2,04fed665,MSG760306150
BATUSDT_00000417,2026-01-15 17:54:19.221091,0.192906,0.308331,SELL,wallet_BAT0018,,BINANCE,STOP_LIMIT,0.000572,SETTLED,VC756,72ff1066f143,78,APAC-NORTH,v3.0,c9ae2fac,MSG162531501
BATUSDT_00000302,2026-01-15 18:17:15.313179,0.19071,0.001469,BUY,wallet_BAT0030,,BINANCE,MARKET,0.000804,SETTLED,VC781,da5d36237df2,328,EU-CENTRAL,v2.2,6e028029,MSG850201057
BATUSDT_00000050,2026-01-16 15:33:48.416264,0.189765,3.251758,SELL,wallet_BAT0015,,BINANCE,MARKET,0.001081,SETTLED,VC247,a91c04d81c32,28,US-WEST,v2.2,ab6a408b,MSG642841652
BATUSDT_00000352,2026-01-16 16:35:46.732356,0.192518,0.649883,SELL,wallet_BAT0024,,BINANCE,LIMIT,0.000536,SETTLED,VC327,ef8f447e8ace,358,US-EAST,v2.2,11331468,MSG424597778
BATUSDT_00000107,2026-01-16 21:51:38.110852,0.195283,0.091923,SELL,wallet_BAT0010,,BINANCE,MARKET,0.001491,SETTLED,VC490,861c3e126979,361,EU-CENTRAL,v2.1,c8325e95,MSG895236059
BATUSDT_00000166,2026-01-16 22:01:44.691867,0.196784,0.036088,BUY,wallet_BAT0017,,BINANCE,MARKET,0.001397,SETTLED,VC484,ce999e8b02e3,373,US-EAST,v2.3,4a1a4009,MSG359868757
BATUSDT_00000480,2026-01-16 23:21:51.108250,0.1976,2.392023,BUY,wallet_BAT0006,,BINANCE,LIMIT,0.00095,SETTLED,VC865,ec205b7e20e4,184,EU-CENTRAL,v2.3,2ea048cd,MSG919734627
BATUSDT_00000313,2026-01-17 04:32:03.487250,0.195756,0.423715,BUY,wallet_BAT0019,,BINANCE,MARKET,0.001235,SETTLED,VC360,90785c133251,123,EU-CENTRAL,v2.3,7e0d19e5,MSG863506290
BATUSDT_00000457,2026-01-17 05:42:29.024112,0.198676,2.390869,SELL,wallet_BAT0003,,BINANCE,MARKET,0.000775,SETTLED,VC433,8477b5930832,430,US-WEST,v2.2,9166a1b2,MSG550037586
BATUSDT_00000027,2026-01-17 05:44:47.685748,0.198785,1.874208,SELL,wallet_BAT0007,,BINANCE,LIMIT,0.001465,SETTLED,VC871,c0e21e1cf958,479,EU-CENTRAL,v2.2,31aad51e,MSG420788378
BATUSDT_00000461,2026-01-17 08:46:48.208882,0.200514,0.043376,BUY,wallet_BAT0020,,BINANCE,MARKET,0.001236,SETTLED,VC831,47bc4bdf559d,235,US-WEST,v3.0,bf79ff4d,MSG809988283
BATUSDT_00000366,2026-01-17 09:43:40.844038,0.204185,0.969778,SELL,wallet_BAT0021,,BINANCE,MARKET,0.000879,SETTLED,VC742,381e46c4dc39,97,EU-CENTRAL,v2.2,64fbe1f0,MSG804684529
BATUSDT_00000253,2026-01-17 10:09:57.994889,0.206212,0.043738,SELL,wallet_BAT0021,,BINANCE,MARKET,0.001419,SETTLED,VC403,e312458b8762,230,EU-CENTRAL,v2.3,b4f56473,MSG242035023
BATUSDT_00000239,2026-01-17 12:13:21.530777,0.211264,0.307287,BUY,wallet_BAT0010,,BINANCE,MARKET,0.001148,SETTLED,VC254,672376d221f3,435,APAC-SOUTH,v3.0,6d74aa36,MSG150982541
BATUSDT_00000161,2026-01-17 12:27:04.498404,0.214642,0.048528,BUY,wallet_BAT0027,,BINANCE,MARKET,0.001274,SETTLED,VC668,dd1b75c4401d,34,APAC-SOUTH,v2.3,05a1af13,MSG634278034
BATUSDT_00000357,2026-01-17 12:53:40.862117,0.215969,0.019386,BUY,wallet_BAT0017,,BINANCE,MARKET,0.000824,SETTLED,VC270,0af45096d54d,152,US-EAST,v3.0,26d6ce6b,MSG575792017
BATUSDT_00000331,2026-01-17 13:06:22.612792,0.218277,0.087685,SELL,wallet_BAT0027,,BINANCE,LIMIT,0.001391,SETTLED,VC980,3d1acab48197,237,APAC-NORTH,v2.3,d53b349d,MSG908587530
BATUSDT_00000422,2026-01-17 13:07:09.807524,0.218114,0.669286,SELL,wallet_BAT0024,,BINANCE,MARKET,0.000668,SETTLED,VC962,7a69c4527133,445,APAC-NORTH,v2.2,c6096937,MSG621975604
BATUSDT_00000200,2026-01-17 14:05:25.043487,0.216912,0.067153,BUY,wallet_BAT0008,,BINANCE,LIMIT,0.001013,SETTLED,VC792,12c06a33ab68,367,US-EAST,v3.0,9e03c502,MSG968930196
BATUSDT_00000288,2026-01-17 14:15:17.806883,0.217977,0.460298,BUY,wallet_BAT0023,,BINANCE,MARKET,0.001273,SETTLED,VC518,d116179dc4a3,282,US-WEST,v2.3,c0f95a24,MSG413343331
BATUSDT_00000042,2026-01-17 14:18:08.986084,0.21821,0.199762,BUY,wallet_BAT0007,,BINANCE,LIMIT,0.001459,SETTLED,VC796,208c9eadd0b9,62,APAC-SOUTH,v2.3,0f44a1c1,MSG551930272
BATUSDT_00000100,2026-01-17 14:26:57.209429,0.216522,0.687774,SELL,wallet_BAT0005,,BINANCE,MARKET,0.001167,SETTLED,VC871,630b297d39f3,401,US-EAST,v2.3,cfe48e13,MSG632592911
BATUSDT_00000328,2026-01-17 15:05:27.605632,0.215506,0.740004,BUY,wallet_BAT0018,,BINANCE,LIMIT,0.001297,SETTLED,VC596,e7b7a683af3a,338,US-WEST,v3.0,21c1a4b4,MSG220379361
BATUSDT_00000218,2026-01-17 16:29:22.278348,0.213188,0.616042,SELL,wallet_BAT0018,,BINANCE,MARKET,0.001075,SETTLED,VC985,242e323c538a,54,APAC-NORTH,v2.2,1edbde5f,MSG749735394
BATUSDT_00000410,2026-01-17 17:15:57.407659,0.214985,0.3831,BUY,wallet_BAT0019,,BINANCE,MARKET,0.000732,SETTLED,VC380,8cc1f105eb4d,196,EU-CENTRAL,v2.3,dcfd5517,MSG913335130
BATUSDT_00000365,2026-01-17 17:22:27.336148,0.215123,0.018411,BUY,wallet_BAT0002,,BINANCE,LIMIT,0.000868,SETTLED,VC379,cf5c11dac8ec,315,APAC-SOUTH,v2.2,aca8cb47,MSG541475620
BATUSDT_00000460,2026-01-17 20:16:06.396655,0.215236,0.13962,BUY,wallet_BAT0001,,BINANCE,MARKET,0.000834,SETTLED,VC230,0574d6b79652,447,EU-CENTRAL,v3.0,e55f0f4f,MSG117392910
BATUSDT_00000415,2026-01-17 21:07:24.037510,0.2157,0.107983,BUY,wallet_BAT0018,,BINANCE,MARKET,0.001261,SETTLED,VC957,ca7b7d0250b8,353,US-WEST,v2.3,8a060913,MSG721535030
BATUSDT_00000484,2026-01-17 22:28:24.761659,0.213171,0.546758,BUY,wallet_BAT0017,,BINANCE,MARKET,0.000612,SETTLED,VC108,4521abbf4182,200,US-EAST,v2.3,3e214522,MSG650614076
BATUSDT_00000062,2026-01-17 22:41:31.098223,0.211249,0.0466,SELL,wallet_BAT0025,,BINANCE,LIMIT,0.000567,SETTLED,VC274,ae7943cbabaf,200,APAC-NORTH,v2.3,366e72f6,MSG836557845
BATUSDT_00000493,2026-01-18 01:11:33.141090,0.20983,0.576579,SELL,wallet_BAT0014,,BINANCE,LIMIT,0.000662,SETTLED,VC491,9af4178b47cb,386,APAC-NORTH,v2.2,f6411169,MSG227107573
BATUSDT_00000228,2026-01-18 01:46:56.772552,0.208663,0.654511,SELL,wallet_BAT0005,,BINANCE,MARKET,0.001238,SETTLED,VC236,8282a162530a,37,APAC-SOUTH,v3.0,72754497,MSG127248531
BATUSDT_00000396,2026-01-18 02:36:45.552121,0.206765,0.137599,SELL,wallet_BAT0011,,BINANCE,LIMIT,0.000592,SETTLED,VC502,051bc23d38f6,48,APAC-NORTH,v2.2,a80122dc,MSG397610385
BATUSDT_00000081,2026-01-18 14:09:30.694335,0.206441,0.015658,SELL,wallet_BAT0006,,BINANCE,LIMIT,0.000924,SETTLED,VC899,56c893ff7644,328,US-EAST,v2.2,012c45d2,MSG607632399
BATUSDT_00000425,2026-01-18 17:16:56.645924,0.210423,0.533351,BUY,wallet_BAT0007,,BINANCE,LIMIT,0.000822,SETTLED,VC837,a54cf0b56d4c,386,APAC-SOUTH,v3.0,ef9e75be,MSG104480545
BATUSDT_00000380,2026-01-19 00:01:01.058665,0.197535,0.096723,BUY,wallet_BAT0028,,BINANCE,LIMIT,0.000982,SETTLED,VC354,98ce294e7cc2,34,APAC-SOUTH,v2.2,2855f02a,MSG386897560
BATUSDT_00000386,2026-01-19 00:02:45.470048,0.186396,0.642299,SELL,wallet_BAT0029,,BINANCE,STOP_LIMIT,0.000654,SETTLED,VC209,992748d59e52,397,US-WEST,v2.3,1dcc97d4,MSG983910227
BATUSDT_00000039,2026-01-19 00:05:01.127335,0.195493,0.38038,BUY,wallet_BAT0023,,BINANCE,MARKET,0.001299,SETTLED,VC634,96490ec57407,430,APAC-NORTH,v2.3,513b8652,MSG534020175
BATUSDT_00000076,2026-01-19 00:16:23.973935,0.191658,0.085997,BUY,wallet_BAT0015,,BINANCE,MARKET,0.000805,SETTLED,VC233,fbcab0de2f1e,438,US-EAST,v2.2,df931c15,MSG912477498
BATUSDT_00000162,2026-01-19 00:16:40.519501,0.191435,0.269222,SELL,wallet_BAT0013,,BINANCE,MARKET,0.000617,SETTLED,VC429,222dfd84a000,31,APAC-NORTH,v2.2,90036e7f,MSG882443822
BATUSDT_00000453,2026-01-19 00:40:23.974027,0.191915,0.373558,BUY,wallet_BAT0020,,BINANCE,MARKET,0.00075,SETTLED,VC171,92c6d98f3172,94,EU-CENTRAL,v2.3,30ddfeaf,MSG213968445
BATUSDT_00000240,2026-01-19 00:41:44.486643,0.193351,0.314013,BUY,wallet_BAT0010,,BINANCE,MARKET,0.000695,SETTLED,VC351,87784e755c30,28,EU-CENTRAL,v2.2,642d80f5,MSG694756122
BATUSDT_00000120,2026-01-19 01:26:53.585648,0.195368,0.088113,BUY,wallet_BAT0016,,BINANCE,MARKET,0.00112,SETTLED,VC245,166a4022684a,332,US-EAST,v3.0,b1857423,MSG116669651
BATUSDT_00000147,2026-01-19 03:10:03.739692,0.195613,1.624995,BUY,wallet_BAT0026,,BINANCE,MARKET,0.000558,SETTLED,VC529,d8b25f807844,287,APAC-NORTH,v2.1,67020fd5,MSG957237762
BATUSDT_00000211,2026-01-19 03:47:47.725638,0.200427,0.149989,BUY,wallet_BAT0012,,BINANCE,STOP_LIMIT,0.000734,SETTLED,VC847,6406ce8bc13c,305,APAC-NORTH,v2.2,ac5d22db,MSG348616262
BATUSDT_00000452,2026-01-19 04:44:44.653016,0.200162,0.262488,SELL,wallet_BAT0019,,BINANCE,LIMIT,0.001028,SETTLED,VC160,9422eaf358b0,47,APAC-NORTH,v2.3,14602e55,MSG175382830
BATUSDT_00000269,2026-01-19 05:19:02.468600,0.200928,0.073731,SELL,wallet_BAT0024,,BINANCE,MARKET,0.000615,SETTLED,VC530,1fd68720923a,301,EU-CENTRAL,v2.2,6b9489b8,MSG521026522
BATUSDT_00000074,2026-01-19 05:35:57.317038,0.204902,0.290859,SELL,wallet_BAT0011,,BINANCE,MARKET,0.001194,SETTLED,VC237,438ad1f13318,204,US-WEST,v2.2,207f7dd8,MSG565383053
BATUSDT_00000478,2026-01-19 05:54:08.434296,0.209985,1.036496,SELL,wallet_BAT0023,,BINANCE,MARKET,0.000828,SETTLED,VC538,92e017f1f0d1,268,US-WEST,v2.2,e2e646f0,MSG937962031
BATUSDT_00000231,2026-01-19 06:00:28.988519,0.209224,0.373227,BUY,wallet_BAT0018,,BINANCE,MARKET,0.000643,SETTLED,VC923,1912bdbfdb21,164,US-EAST,v2.2,5ab4d2ff,MSG304855545
BATUSDT_00000021,2026-01-19 06:03:28.980398,0.208129,0.161587,BUY,wallet_BAT0001,,BINANCE,STOP_LIMIT,0.001481,SETTLED,VC979,7368a96dd5f4,272,EU-CENTRAL,v2.1,f87ea33c,MSG994103609
BATUSDT_00000303,2026-01-19 06:19:51.397658,0.206719,0.535249,SELL,wallet_BAT0004,,BINANCE,MARKET,0.000707,SETTLED,VC633,ba501a60d34b,466,EU-CENTRAL,v2.2,146d2b90,MSG388999917
BATUSDT_00000318,2026-01-19 06:45:17.370306,0.204893,0.295082,SELL,wallet_BAT0007,,BINANCE,MARKET,0.000858,SETTLED,VC534,1ae05459857e,399,EU-CENTRAL,v2.1,73383d62,MSG922484436
BATUSDT_00000212,2026-01-19 08:20:06.308422,0.208218,0.51667,SELL,wallet_BAT0026,,BINANCE,LIMIT,0.001342,SETTLED,VC834,e4de20cc78e5,131,EU-CENTRAL,v2.3,85070dc5,MSG207393294
BATUSDT_00000391,2026-01-19 08:49:26.069482,0.209716,0.134922,SELL,wallet_BAT0001,,BINANCE,MARKET,0.000899,SETTLED,VC541,79dedd3eaa6e,380,APAC-NORTH,v2.3,78c02f2d,MSG174146123
BATUSDT_00000036,2026-01-19 12:52:25.940213,0.203374,0.029737,BUY,wallet_BAT0019,,BINANCE,MARKET,0.001396,SETTLED,VC869,a4e42a37fb17,32,EU-CENTRAL,v2.3,813a27dd,MSG315323512
BATUSDT_00000447,2026-01-19 14:10:39.873004,0.201845,0.087519,BUY,wallet_BAT0019,,BINANCE,MARKET,0.000954,SETTLED,VC369,63ccaf47e036,55,EU-CENTRAL,v2.2,31c30764,MSG858794930
BATUSDT_00000030,2026-01-19 14:42:12.081825,0.202419,0.949555,BUY,wallet_BAT0006,,BINANCE,STOP_LIMIT,0.001096,SETTLED,VC591,f3d43bd3f4bc,79,APAC-SOUTH,v2.2,f4858a27,MSG975543172
BATUSDT_00000454,2026-01-19 16:09:40.178850,0.201054,0.122638,SELL,wallet_BAT0001,,BINANCE,MARKET,0.000889,SETTLED,VC752,4ba6e114cca8,100,APAC-SOUTH,v3.0,0476983e,MSG210436968
BATUSDT_00000014,2026-01-20 01:15:01.717511,0.208217,0.389821,BUY,wallet_BAT0010,,BINANCE,MARKET,0.00117,SETTLED,VC593,5f04c46ea81a,71,APAC-NORTH,v2.2,8f31d552,MSG529609130
BATUSDT_00000142,2026-01-20 01:23:14.055306,0.209917,0.056159,SELL,wallet_BAT0030,,BINANCE,LIMIT,0.000615,SETTLED,VC364,55ace457e871,356,APAC-SOUTH,v2.3,0d106f01,MSG575815627
BATUSDT_00000257,2026-01-20 02:51:01.664731,0.21209,0.077598,SELL,wallet_BAT0014,,BINANCE,MARKET,0.000913,SETTLED,VC554,c1c1fef3e1e5,344,US-WEST,v2.3,bd534bd7,MSG553848296
BATUSDT_00000152,2026-01-20 03:02:39.185555,0.210221,0.065709,BUY,wallet_BAT0028,,BINANCE,MARKET,0.000875,SETTLED,VC522,9858368931d6,43,US-EAST,v2.3,532ca756,MSG174713829
BATUSDT_00000405,2026-01-20 03:05:21.442604,0.209969,0.045917,BUY,wallet_BAT0020,,BINANCE,MARKET,0.000841,SETTLED,VC903,65697112df42,102,US-EAST,v2.3,769d2bad,MSG217062790
BATUSDT_00000069,2026-01-20 03:32:46.088980,0.20394,0.076952,SELL,wallet_BAT0015,,BINANCE,MARKET,0.001444,SETTLED,VC570,a514af30eb7e,308,APAC-NORTH,v3.0,0ac5dbb7,MSG697964519
BATUSDT_00000053,2026-01-20 05:16:18.600215,0.208903,0.152272,BUY,wallet_BAT0029,,BINANCE,MARKET,0.001313,SETTLED,VC849,8ba8d987efcf,313,US-EAST,v2.2,4fcda345,MSG473728868
BATUSDT_00000435,2026-01-20 05:22:27.443673,0.212698,0.40059,BUY,wallet_BAT0019,,BINANCE,MARKET,0.000831,SETTLED,VC909,55c7ae96c707,86,US-WEST,v2.2,319f4c3e,MSG462197960
BATUSDT_00000370,2026-01-20 05:29:48.219282,0.209639,0.250353,SELL,wallet_BAT0017,,BINANCE,MARKET,0.000649,SETTLED,VC332,a117c26efe57,122,US-WEST,v2.2,7df848eb,MSG189897505
BATUSDT_00000471,2026-01-20 05:38:20.749716,0.209876,0.613881,BUY,wallet_BAT0025,,BINANCE,LIMIT,0.001461,SETTLED,VC293,e4a9297a36da,39,APAC-NORTH,v2.3,6ed053f5,MSG234254289
BATUSDT_00000206,2026-01-20 05:43:21.300188,0.209249,1.104885,BUY,wallet_BAT0008,,BINANCE,MARKET,0.000717,SETTLED,VC810,6b88faf9888f,373,APAC-NORTH,v2.2,e7eb90fd,MSG143416970
BATUSDT_00000384,2026-01-20 06:23:53.749263,0.201661,12.0853,BUY,wallet_BAT0017,,BINANCE,MARKET,0.000612,SETTLED,VC839,87fe34db4cea,187,US-EAST,v2.2,8cca7f8c,MSG254576192
BATUSDT_00000244,2026-01-20 06:39:04.338688,0.199767,0.136189,SELL,wallet_BAT0016,,BINANCE,MARKET,0.001022,SETTLED,VC519,6cf8a388db74,424,US-EAST,v3.0,1678e34e,MSG312748555
BATUSDT_00000019,2026-01-20 08:18:03.734365,0.199028,0.184692,BUY,wallet_BAT0027,,BINANCE,MARKET,0.001483,SETTLED,VC401,b6a1a6be165c,71,US-WEST,v2.3,9e51822c,MSG496048446
BATUSDT_00000376,2026-01-20 09:28:22.172448,0.198944,0.631266,SELL,wallet_BAT0018,,BINANCE,MARKET,0.000823,SETTLED,VC776,0c4abaee9a23,324,APAC-NORTH,v3.0,0315877f,MSG700869935
BATUSDT_00000468,2026-01-20 10:51:58.644326,0.199028,0.079858,BUY,wallet_BAT0011,,BINANCE,STOP_LIMIT,0.001179,SETTLED,VC980,4d6c3514a04e,266,US-EAST,v2.2,c4a776ab,MSG198265946
BATUSDT_00000383,2026-01-20 11:06:08.822965,0.200494,0.183227,SELL,wallet_BAT0023,,BINANCE,MARKET,0.001293,SETTLED,VC845,88b3ffcfc65c,54,APAC-NORTH,v2.3,3aca9105,MSG760727026
BATUSDT_00000007,2026-01-20 13:47:27.425986,0.198211,0.191147,BUY,wallet_BAT0004,,BINANCE,LIMIT,0.001258,SETTLED,VC601,f24afd312923,207,APAC-NORTH,v2.2,505e2bdf,MSG218396980
BATUSDT_00000051,2026-01-20 16:20:18.404119,0.198505,0.180227,BUY,wallet_BAT0023,,BINANCE,LIMIT,0.000832,SETTLED,VC630,54a616e1d0a3,61,US-EAST,v2.2,a526008b,MSG319259790
BATUSDT_00000273,2026-01-20 18:37:08.043856,0.193074,0.607366,SELL,wallet_BAT0009,,BINANCE,LIMIT,0.000588,SETTLED,VC944,0e5642b6ab42,177,EU-CENTRAL,v2.3,318bc30f,MSG719540370
BATUSDT_00000333,2026-01-20 19:02:56.650023,0.193657,0.039339,BUY,wallet_BAT0011,,BINANCE,MARKET,0.001194,SETTLED,VC818,e658fb943818,432,EU-CENTRAL,v2.2,4b818933,MSG646737603
BATUSDT_00000130,2026-01-20 19:24:48.455685,0.192844,0.774477,BUY,wallet_BAT0018,,BINANCE,LIMIT,0.001055,SETTLED,VC342,f92650236731,263,APAC-SOUTH,v2.3,6f8695c3,MSG923058535
BATUSDT_00000201,2026-01-21 01:30:04.075473,0.19507,0.25752,BUY,wallet_BAT0009,,BINANCE,MARKET,0.000616,SETTLED,VC565,872faba1c78f,365,US-WEST,v2.2,3dca8e22,MSG860503661
BATUSDT_00000150,2026-01-21 02:29:03.733167,0.197621,1.92873,BUY,wallet_BAT0022,,BINANCE,MARKET,0.000732,SETTLED,VC562,0ee2a51b36ce,459,APAC-SOUTH,v2.3,6e68131f,MSG417262331
BATUSDT_00000329,2026-01-21 03:08:20.846489,0.1965,0.612875,SELL,wallet_BAT0017,,BINANCE,STOP_LIMIT,0.000763,SETTLED,VC953,d53fc89531d6,352,US-EAST,v2.3,09a83f69,MSG579827452
BATUSDT_00000401,2026-01-21 06:46:53.758717,0.196096,0.109725,SELL,wallet_BAT0014,,BINANCE,LIMIT,0.000925,SETTLED,VC641,edde8f9da664,241,EU-CENTRAL,v2.3,bf29b83a,MSG296839437
BATUSDT_00000189,2026-01-21 08:04:38.617356,0.193913,0.074194,BUY,wallet_BAT0015,,BINANCE,MARKET,0.001065,SETTLED,VC201,6e1fcae9c21c,62,US-WEST,v3.0,0b63517a,MSG110487379
BATUSDT_00000503,2026-01-21 10:47:56.456981,0.192152,90.780696,BUY,trader_08,mgr_03,BINANCE,LIMIT,0.001011,SETTLED,VC917,11a7d8ab166a,93,US-EAST,v2.1,40861103,MSG850274843
BATUSDT_00000504,2026-01-21 12:10:16.268105,0.192142,86.208787,BUY,trader_08,mgr_03,BINANCE,MARKET,0.001278,SETTLED,VC201,f723806d770b,369,US-WEST,v2.2,b0e1e778,MSG376221650
BATUSDT_00000505,2026-01-21 12:53:47.814604,0.19218,93.543357,BUY,trader_08,mgr_03,BINANCE,MARKET,0.001411,SETTLED,VC614,92abf6c381a2,133,APAC-NORTH,v2.3,71bc41c1,MSG404486944
BATUSDT_00000506,2026-01-21 12:59:16.115163,0.191977,82.56889,BUY,trader_08,mgr_03,BINANCE,LIMIT,0.000645,SETTLED,VC776,c831f6f9233a,174,APAC-NORTH,v2.3,dfedc585,MSG296294257
BATUSDT_00000061,2026-01-21 13:28:43.401691,0.190981,0.026249,BUY,wallet_BAT0027,,BINANCE,MARKET,0.001442,SETTLED,VC932,320e722b7093,443,APAC-SOUTH,v3.0,da7d697a,MSG932813870
BATUSDT_00000289,2026-01-21 13:34:02.682698,0.19036,0.057141,BUY,wallet_BAT0018,,BINANCE,MARKET,0.000544,SETTLED,VC942,ab472de85d4f,14,APAC-SOUTH,v2.2,b1d1d33b,MSG699284417
BATUSDT_00000397,2026-01-21 13:47:19.840615,0.189202,0.474284,BUY,wallet_BAT0008,,BINANCE,MARKET,0.000934,SETTLED,VC233,df4cf7e6814c,10,US-WEST,v2.3,b581fafe,MSG953578269
BATUSDT_00000499,2026-01-21 13:47:56.385071,0.189236,0.239564,BUY,wallet_BAT0030,,BINANCE,LIMIT,0.001367,SETTLED,VC353,ed6ac23de4eb,197,US-EAST,v2.3,75c209f0,MSG619812005
BATUSDT_00000507,2026-01-21 13:53:54.934488,0.191643,83.129955,BUY,trader_08,mgr_03,BINANCE,MARKET,0.000889,SETTLED,VC308,65a5c1f35ea0,123,APAC-SOUTH,v2.2,ba5706d5,MSG107946520
BATUSDT_00000449,2026-01-21 14:13:47.570634,0.191818,0.41374,BUY,wallet_BAT0030,,BINANCE,LIMIT,0.00071,SETTLED,VC355,b6f68d7cbc65,347,APAC-NORTH,v2.2,67209df8,MSG134662251
BATUSDT_00000508,2026-01-21 14:19:07.594547,0.192757,88.095818,BUY,trader_08,mgr_03,BINANCE,LIMIT,0.001223,SETTLED,VC589,8cf59bbe6b99,47,US-WEST,v2.3,59db5997,MSG857952152
BATUSDT_00000492,2026-01-21 15:02:54.845715,0.190993,0.062225,SELL,wallet_BAT0010,,BINANCE,MARKET,0.00129,SETTLED,VC244,625ba09c5a8d,38,APAC-NORTH,v2.1,357961de,MSG822914088
BATUSDT_00000509,2026-01-21 15:18:51.880024,0.191293,84.099872,BUY,trader_08,mgr_03,BINANCE,MARKET,0.00077,SETTLED,VC847,438a8f5e6972,424,US-WEST,v2.3,e9c0c107,MSG511218779
BATUSDT_00000136,2026-01-21 15:21:35.645435,0.191812,0.07414,BUY,wallet_BAT0026,,BINANCE,LIMIT,0.000712,SETTLED,VC959,64394539ded0,226,EU-CENTRAL,v2.3,7e91c5a9,MSG429575971
BATUSDT_00000347,2026-01-21 16:58:05.175996,0.184451,0.045585,BUY,wallet_BAT0014,,BINANCE,MARKET,0.001187,SETTLED,VC389,c48f5e6bb0c3,464,EU-CENTRAL,v2.3,3796649d,MSG469923711
BATUSDT_00000359,2026-01-21 17:40:53.914505,0.182906,4.506105,BUY,wallet_BAT0019,,BINANCE,MARKET,0.000605,SETTLED,VC450,695666cfff5c,177,US-WEST,v2.3,a51bf134,MSG294778488
BATUSDT_00000426,2026-01-21 17:55:04.043020,0.183693,0.610094,SELL,wallet_BAT0028,,BINANCE,LIMIT,0.000504,SETTLED,VC963,e627f7ce935b,116,APAC-SOUTH,v2.3,c9811a3a,MSG829035127
BATUSDT_00000466,2026-01-21 19:07:35.303293,0.185966,1.2836,SELL,wallet_BAT0020,,BINANCE,MARKET,0.000955,SETTLED,VC713,c9e38137aff2,111,APAC-SOUTH,v3.0,6de747af,MSG485398171
BATUSDT_00000040,2026-01-21 23:13:08.455273,0.188385,0.816059,BUY,wallet_BAT0025,,BINANCE,LIMIT,0.000659,SETTLED,VC482,2b8175726a30,374,APAC-NORTH,v2.3,760e3fb6,MSG363915884
BATUSDT_00000381,2026-01-22 01:58:51.656404,0.187869,0.008857,BUY,wallet_BAT0015,,BINANCE,LIMIT,0.001061,SETTLED,VC209,9c5a25b63a83,135,EU-CENTRAL,v2.3,4471a09b,MSG795428029
BATUSDT_00000398,2026-01-22 02:43:33.913244,0.193067,0.036281,BUY,wallet_BAT0008,,BINANCE,MARKET,0.001119,SETTLED,VC339,1b0ea361babd,78,EU-CENTRAL,v2.3,e950274d,MSG495452827
BATUSDT_00000243,2026-01-22 02:43:45.490295,0.191747,0.037547,BUY,wallet_BAT0030,,BINANCE,MARKET,0.001441,SETTLED,VC951,4b2659afa50f,337,APAC-NORTH,v2.3,84dad6c2,MSG515194184
BATUSDT_00000138,2026-01-22 03:16:23.568852,0.192924,0.332559,SELL,wallet_BAT0009,,BINANCE,LIMIT,0.001425,SETTLED,VC267,a7f56b8adffa,91,APAC-SOUTH,v2.2,f38923d8,MSG252454596
BATUSDT_00000372,2026-01-22 04:14:45.862053,0.193472,0.327882,SELL,wallet_BAT0018,,BINANCE,MARKET,0.001473,SETTLED,VC524,efbb948e5f7c,344,EU-CENTRAL,v2.2,9d963ab0,MSG981994767
BATUSDT_00000335,2026-01-22 06:40:32.841401,0.193819,0.766224,SELL,wallet_BAT0017,,BINANCE,MARKET,0.000864,SETTLED,VC968,b0ddaada1f16,436,APAC-NORTH,v2.3,af41cc94,MSG109584354
BATUSDT_00000487,2026-01-22 08:32:52.849603,0.194686,0.075366,SELL,wallet_BAT0004,,BINANCE,LIMIT,0.000838,SETTLED,VC397,b67980f2dd52,430,EU-CENTRAL,v2.3,9ef3f79e,MSG124763398
BATUSDT_00000324,2026-01-22 08:48:47.698189,0.194551,0.366781,BUY,wallet_BAT0013,,BINANCE,MARKET,0.001424,SETTLED,VC355,44d64018f45d,140,APAC-NORTH,v2.2,eef145b5,MSG662217478
BATUSDT_00000126,2026-01-22 13:10:46.803867,0.188242,0.381176,SELL,wallet_BAT0003,,BINANCE,MARKET,0.00135,SETTLED,VC950,736ef575d865,91,EU-CENTRAL,v2.3,c9545c95,MSG993995539
BATUSDT_00000334,2026-01-22 13:11:44.003463,0.187353,0.023562,SELL,wallet_BAT0008,,BINANCE,MARKET,0.000693,SETTLED,VC795,5a892038e2b7,320,APAC-NORTH,v2.3,b85fe177,MSG659988003
BATUSDT_00000356,2026-01-22 15:23:17.364511,0.184075,0.032078,BUY,wallet_BAT0030,,BINANCE,MARKET,0.000634,SETTLED,VC529,e7cf38e69d73,197,EU-CENTRAL,v2.1,07829cd5,MSG815165858
BATUSDT_00000488,2026-01-22 15:28:17.607864,0.182858,0.350408,BUY,wallet_BAT0018,,BINANCE,STOP_LIMIT,0.001128,SETTLED,VC631,c19feb2a70f2,41,EU-CENTRAL,v3.0,7f41ea61,MSG953894344
BATUSDT_00000063,2026-01-22 16:32:18.640219,0.189165,0.075392,SELL,wallet_BAT0007,,BINANCE,LIMIT,0.001399,SETTLED,VC432,bb6700f4c07b,78,APAC-NORTH,v2.3,a0639013,MSG374142831
BATUSDT_00000382,2026-01-22 23:31:43.271077,0.188,0.655046,BUY,wallet_BAT0014,,BINANCE,MARKET,0.001024,SETTLED,VC131,c03c718de04f,200,APAC-NORTH,v2.1,7d0b4bc9,MSG546936026
BATUSDT_00000465,2026-01-23 00:03:47.640606,0.187881,0.196275,SELL,wallet_BAT0007,,BINANCE,MARKET,0.001245,SETTLED,VC502,ef2c200b5f35,324,US-EAST,v2.1,15052203,MSG823963549
BATUSDT_00000283,2026-01-23 01:33:27.013876,0.188759,0.011774,SELL,wallet_BAT0013,,BINANCE,MARKET,0.000999,SETTLED,VC860,2cae01b0b994,232,US-EAST,v2.3,834b80d1,MSG547665688
BATUSDT_00000029,2026-01-23 02:49:08.310765,0.188784,0.102134,SELL,wallet_BAT0024,,BINANCE,MARKET,0.001042,SETTLED,VC287,b1dbb8834f54,111,APAC-SOUTH,v2.3,21b9616f,MSG961845664
BATUSDT_00000474,2026-01-23 03:00:08.411797,0.187652,0.027304,BUY,wallet_BAT0002,,BINANCE,MARKET,0.000782,SETTLED,VC845,fbe859505e16,13,APAC-SOUTH,v2.3,203a9409,MSG632217455
BATUSDT_00000266,2026-01-23 03:59:11.670008,0.190061,0.036267,BUY,wallet_BAT0023,,BINANCE,MARKET,0.000551,SETTLED,VC852,a46600485c72,207,APAC-SOUTH,v2.2,b46d4d09,MSG355283365
BATUSDT_00000373,2026-01-23 05:39:11.908502,0.1893,2.204715,SELL,wallet_BAT0006,,BINANCE,LIMIT,0.0005,SETTLED,VC318,14c01e620bf7,447,US-EAST,v2.2,f8524cba,MSG326120110
BATUSDT_00000498,2026-01-23 06:03:21.754437,0.18889,0.131964,SELL,wallet_BAT0025,,BINANCE,MARKET,0.000616,SETTLED,VC577,2f792d59eb58,59,EU-CENTRAL,v2.2,a6fd1b04,MSG769933189
BATUSDT_00000351,2026-01-23 06:05:30.024699,0.18904,0.253061,BUY,wallet_BAT0029,,BINANCE,MARKET,0.000778,SETTLED,VC116,b35c802d4f52,199,US-EAST,v3.0,79785749,MSG672352115
BATUSDT_00000176,2026-01-23 07:07:53.353784,0.188019,0.477214,BUY,wallet_BAT0005,,BINANCE,MARKET,0.001214,SETTLED,VC819,4363f24d72bf,252,EU-CENTRAL,v2.3,e1b2433f,MSG398173695
BATUSDT_00000025,2026-01-23 14:46:51.121160,0.182147,1.314088,SELL,wallet_BAT0009,,BINANCE,LIMIT,0.000881,SETTLED,VC124,c8600a3c3bb5,105,EU-CENTRAL,v2.3,24dba173,MSG949522938
BATUSDT_00000140,2026-01-23 15:33:20.138269,0.182828,0.503828,BUY,wallet_BAT0028,,BINANCE,LIMIT,0.001363,SETTLED,VC522,1e4406a125d3,160,APAC-NORTH,v2.2,a02bbb23,MSG604834776
BATUSDT_00000184,2026-01-23 15:36:44.719543,0.182929,0.157774,BUY,wallet_BAT0011,,BINANCE,LIMIT,0.000667,SETTLED,VC114,506d20ea77c9,429,EU-CENTRAL,v2.1,e4f71451,MSG444185300
BATUSDT_00000045,2026-01-23 17:24:44.580250,0.190521,0.611061,BUY,wallet_BAT0023,,BINANCE,MARKET,0.000997,SETTLED,VC191,7a8485d42ea5,457,US-EAST,v2.1,354c7526,MSG250840225
BATUSDT_00000394,2026-01-23 17:37:52.119290,0.192659,0.530951,SELL,wallet_BAT0007,,BINANCE,LIMIT,0.001345,SETTLED,VC951,079458cf8e03,434,APAC-SOUTH,v2.1,ec41432f,MSG783157865
BATUSDT_00000431,2026-01-24 01:15:30.749805,0.184469,0.017622,SELL,wallet_BAT0019,,BINANCE,STOP_LIMIT,0.00081,SETTLED,VC793,b43f1db24997,163,US-EAST,v3.0,3c25f887,MSG710332851
BATUSDT_00000199,2026-01-24 03:56:17.448147,0.184552,0.046414,SELL,wallet_BAT0015,,BINANCE,MARKET,0.000632,SETTLED,VC658,1f04adff6e69,262,APAC-SOUTH,v2.3,3bcd12fb,MSG379425665
BATUSDT_00000378,2026-01-24 06:05:08.223891,0.181748,1.807949,BUY,wallet_BAT0010,,BINANCE,MARKET,0.001285,SETTLED,VC483,3e67b4759838,436,APAC-SOUTH,v2.3,341b3088,MSG261293472
BATUSDT_00000216,2026-01-24 06:51:17.073946,0.182771,0.079187,SELL,wallet_BAT0020,,BINANCE,MARKET,0.00142,SETTLED,VC167,c35715410fc7,449,APAC-NORTH,v2.3,e5d9aa6f,MSG883419343
BATUSDT_00000344,2026-01-24 13:59:22.790149,0.182535,0.015406,SELL,wallet_BAT0021,,BINANCE,LIMIT,0.001463,SETTLED,VC180,506c3a8a1464,65,APAC-NORTH,v2.3,db901cff,MSG809685147
BATUSDT_00000475,2026-01-24 16:13:53.016551,0.182674,0.028312,BUY,wallet_BAT0020,,BINANCE,MARKET,0.000929,SETTLED,VC620,81563a716331,392,US-EAST,v2.1,c7b2bed9,MSG194368107
BATUSDT_00000075,2026-01-24 16:35:36.412471,0.181857,0.053365,SELL,wallet_BAT0023,,BINANCE,MARKET,0.000696,SETTLED,VC775,6669026cb21e,402,US-WEST,v3.0,54cd1be4,MSG931798191
BATUSDT_00000399,2026-01-24 16:46:57.671448,0.181866,0.465169,SELL,wallet_BAT0026,,BINANCE,MARKET,0.000548,SETTLED,VC468,4bfc0c00a9ae,178,APAC-NORTH,v2.2,342942bf,MSG991324938
BATUSDT_00000215,2026-01-24 18:17:08.720705,0.1815,0.043319,BUY,wallet_BAT0002,,BINANCE,LIMIT,0.001226,SETTLED,VC204,6aeebe74b9b9,426,EU-CENTRAL,v2.1,a9182689,MSG814744257
BATUSDT_00000202,2026-01-24 23:24:04.153014,0.180319,0.448598,BUY,wallet_BAT0015,,BINANCE,MARKET,0.000799,SETTLED,VC579,771e3391a16a,352,APAC-NORTH,v2.3,2bd54887,MSG152342713
BATUSDT_00000355,2026-01-25 00:46:03.064385,0.180141,0.01454,SELL,wallet_BAT0015,,BINANCE,MARKET,0.00095,SETTLED,VC420,75f928e40a8a,431,APAC-NORTH,v2.2,7130bca2,MSG692391034
BATUSDT_00000377,2026-01-25 00:52:08.346358,0.179605,0.330713,SELL,wallet_BAT0030,,BINANCE,MARKET,0.000709,SETTLED,VC286,b2e39b5b00a9,23,EU-CENTRAL,v2.2,729e3961,MSG624562304
BATUSDT_00000196,2026-01-25 04:39:21.061133,0.1781,0.211853,BUY,wallet_BAT0015,,BINANCE,MARKET,0.001374,SETTLED,VC375,59366a816235,329,US-WEST,v3.0,94042107,MSG240249622
BATUSDT_00000276,2026-01-25 08:50:16.352586,0.177143,0.548784,SELL,wallet_BAT0007,,BINANCE,MARKET,0.001489,SETTLED,VC275,b2daa87a63fa,239,APAC-SOUTH,v2.2,211440cf,MSG649856332
BATUSDT_00000133,2026-01-25 10:15:05.496567,0.177413,0.057244,BUY,wallet_BAT0018,,BINANCE,MARKET,0.001483,SETTLED,VC916,2095a77d3034,144,US-WEST,v2.1,269481d0,MSG247358931
BATUSDT_00000274,2026-01-25 11:14:34.709032,0.177,4.818052,SELL,wallet_BAT0005,,BINANCE,MARKET,0.001015,SETTLED,VC380,b41fb35a06e6,264,APAC-NORTH,v3.0,75f63749,MSG791180293
BATUSDT_00000261,2026-01-25 14:58:11.639695,0.173981,0.808515,SELL,wallet_BAT0025,,BINANCE,LIMIT,0.001299,SETTLED,VC771,2a3df4a3741a,141,APAC-SOUTH,v2.2,6be3c40f,MSG266604812
BATUSDT_00000264,2026-01-25 15:46:51.743582,0.173925,0.017756,SELL,wallet_BAT0011,,BINANCE,LIMIT,0.00063,SETTLED,VC629,d996468c6db9,111,US-EAST,v2.3,1a2b80d6,MSG671627513
BATUSDT_00000319,2026-01-25 17:33:17.275587,0.167447,0.141947,BUY,wallet_BAT0024,,BINANCE,MARKET,0.001167,SETTLED,VC590,48788339c460,49,US-EAST,v3.0,833e6705,MSG530716794
BATUSDT_00000470,2026-01-25 17:36:52.340239,0.16736,0.286755,BUY,wallet_BAT0016,,BINANCE,MARKET,0.001313,SETTLED,VC199,4e5596e82459,238,EU-CENTRAL,v2.2,796295f7,MSG286437810
BATUSDT_00000312,2026-01-25 18:28:07.399625,0.166844,0.221852,SELL,wallet_BAT0018,,BINANCE,MARKET,0.001372,SETTLED,VC289,adedbc13db0a,357,APAC-NORTH,v2.3,a9bd4f25,MSG613689790
BATUSDT_00000275,2026-01-25 19:18:44.521932,0.16449,0.291565,SELL,wallet_BAT0009,,BINANCE,MARKET,0.000515,SETTLED,VC655,e7b1384d8401,385,APAC-SOUTH,v2.2,2afe90d3,MSG970393918
BATUSDT_00000353,2026-01-25 19:20:02.348708,0.164273,0.878751,SELL,wallet_BAT0030,,BINANCE,MARKET,0.001138,SETTLED,VC120,521f2b85f02d,302,APAC-SOUTH,v2.3,294cacf9,MSG170875384
BATUSDT_00000093,2026-01-25 19:46:32.813146,0.1644,0.075449,SELL,wallet_BAT0016,,BINANCE,MARKET,0.00097,SETTLED,VC426,5b9e20245a01,154,US-EAST,v2.2,7749977a,MSG316800531
BATUSDT_00000003,2026-01-26 02:01:56.146696,0.168954,0.045437,BUY,wallet_BAT0030,,BINANCE,MARKET,0.001083,SETTLED,VC435,a09cf32f6ff8,397,EU-CENTRAL,v2.2,5d9da23f,MSG864061521
BATUSDT_00000346,2026-01-26 02:06:28.740760,0.168519,0.036616,BUY,wallet_BAT0020,,BINANCE,MARKET,0.001102,SETTLED,VC853,45efa63bd450,426,US-EAST,v3.0,e0ba3fa1,MSG235655344
BATUSDT_00000445,2026-01-26 02:17:26.387424,0.16842,0.171397,BUY,wallet_BAT0014,,BINANCE,MARKET,0.001049,SETTLED,VC934,264a54fb3aae,181,EU-CENTRAL,v2.3,bd488b07,MSG756899568
BATUSDT_00000221,2026-01-26 12:02:30.477976,0.176818,0.030376,BUY,wallet_BAT0015,,BINANCE,MARKET,0.000636,SETTLED,VC652,cab5d565c986,298,US-EAST,v2.2,ba457f56,MSG565994266
BATUSDT_00000287,2026-01-26 13:02:05.253010,0.176625,0.032052,SELL,wallet_BAT0014,,BINANCE,MARKET,0.00073,SETTLED,VC278,f5c7cf88c790,476,APAC-NORTH,v3.0,0de814c6,MSG912737408
BATUSDT_00000306,2026-01-26 21:42:18.579861,0.176653,0.056288,SELL,wallet_BAT0012,,BINANCE,MARKET,0.001025,SETTLED,VC347,eb79b25fafff,62,EU-CENTRAL,v3.0,858766e3,MSG748862924
BATUSDT_00000115,2026-01-26 22:40:34.812573,0.175538,0.18347,SELL,wallet_BAT0003,,BINANCE,MARKET,0.000688,SETTLED,VC873,1518057f95d2,177,US-WEST,v3.0,e3b2ef5f,MSG583458772
BATUSDT_00000193,2026-01-26 23:11:05.688314,0.174433,0.015388,BUY,wallet_BAT0017,,BINANCE,LIMIT,0.001227,SETTLED,VC881,07b64cf75f0a,49,US-WEST,v2.3,22dce524,MSG186381859
BATUSDT_00000111,2026-01-27 03:37:37.063871,0.17374,0.012737,SELL,wallet_BAT0021,,BINANCE,MARKET,0.001288,SETTLED,VC759,66e6a6aad7ef,387,APAC-NORTH,v3.0,b150535d,MSG965743730
BATUSDT_00000122,2026-01-27 13:00:27.189607,0.1705,0.163727,SELL,wallet_BAT0022,,BINANCE,MARKET,0.000802,SETTLED,VC729,c566b2ea0e05,192,APAC-SOUTH,v2.3,19ddf846,MSG365571736
BATUSDT_00000183,2026-01-27 14:03:15.316670,0.17052,0.489411,SELL,wallet_BAT0009,,BINANCE,STOP_LIMIT,0.00068,SETTLED,VC859,5b31357c8041,160,US-WEST,v2.3,d67300c0,MSG300516765
BATUSDT_00000349,2026-01-27 16:07:58.316293,0.171571,0.194046,BUY,wallet_BAT0023,,BINANCE,LIMIT,0.000544,SETTLED,VC268,d6241456e2f2,368,US-WEST,v2.3,7d389aff,MSG432608161
BATUSDT_00000146,2026-01-27 17:11:10.120173,0.170969,0.293184,BUY,wallet_BAT0005,,BINANCE,MARKET,0.001266,SETTLED,VC973,b859a5dfad76,327,US-EAST,v2.1,03767c3f,MSG300866810
BATUSDT_00000082,2026-01-28 08:34:11.014958,0.172146,0.081672,BUY,wallet_BAT0030,,BINANCE,STOP_LIMIT,0.000698,SETTLED,VC250,c37177ad78f4,270,EU-CENTRAL,v2.3,0fe7dc22,MSG660487408
BATUSDT_00000157,2026-01-28 09:37:00.751326,0.173981,0.078549,SELL,wallet_BAT0008,,BINANCE,LIMIT,0.001241,SETTLED,VC559,2131c6f34fdd,341,EU-CENTRAL,v2.2,70d4bd31,MSG203059389
BATUSDT_00000172,2026-01-28 10:20:45.032908,0.173159,0.007085,SELL,wallet_BAT0023,,BINANCE,MARKET,0.001316,SETTLED,VC202,558636abc2d2,437,APAC-SOUTH,v2.2,bcfa5a6e,MSG621829056
BATUSDT_00000510,2026-01-28 11:27:47.270034,0.173044,0.050473,BUY,trader_09,mgr_04,BINANCE,MARKET,0.000585,SETTLED,VC440,82b0844b2919,174,US-WEST,v2.3,89f787cf,MSG788604702
BATUSDT_00000511,2026-01-28 11:34:51.996936,0.173084,0.055195,BUY,trader_09,mgr_04,BINANCE,MARKET,0.00128,SETTLED,VC707,481020415514,478,APAC-SOUTH,v2.3,ffeb81e9,MSG334446262
BATUSDT_00000512,2026-01-28 11:54:42.166514,0.173123,0.051859,BUY,trader_09,mgr_04,BINANCE,MARKET,0.001093,SETTLED,VC612,7abe1d424eea,221,APAC-NORTH,v2.3,850afcbd,MSG399909801
BATUSDT_00000317,2026-01-28 12:06:06.435435,0.176308,0.095832,BUY,wallet_BAT0017,,BINANCE,MARKET,0.001492,SETTLED,VC624,1f43286eb4df,73,APAC-SOUTH,v2.2,cf67da0b,MSG539938242
BATUSDT_00000513,2026-01-28 12:10:08.609847,0.173168,0.045825,BUY,trader_09,mgr_04,BINANCE,STOP_LIMIT,0.000602,SETTLED,VC118,733101fe54da,11,APAC-NORTH,v3.0,2e48bf64,MSG611178795
BATUSDT_00000514,2026-01-28 12:30:18.171781,0.173256,0.059963,BUY,trader_09,mgr_04,BINANCE,MARKET,0.00138,SETTLED,VC537,39fbea416361,204,US-WEST,v3.0,de2e826b,MSG551859425
BATUSDT_00000308,2026-01-28 13:16:55.498881,0.174209,0.097579,BUY,wallet_BAT0023,,BINANCE,MARKET,0.000528,SETTLED,VC492,ff5abff8f529,448,US-EAST,v2.3,1e3eccac,MSG789564077
BATUSDT_00000515,2026-01-28 13:21:42.379873,0.173229,0.06771,SELL,trader_09,mgr_04,BINANCE,MARKET,0.000742,SETTLED,VC884,0e9ee190e4b5,30,APAC-NORTH,v2.2,1b681646,MSG702941424
BATUSDT_00000516,2026-01-28 13:46:19.989203,0.173195,0.029056,SELL,trader_09,mgr_04,BINANCE,STOP_LIMIT,0.001098,SETTLED,VC519,83caa850273f,427,EU-CENTRAL,v2.3,e92faf0d,MSG885521992
BATUSDT_00000517,2026-01-28 14:06:08.288969,0.173124,0.015019,SELL,trader_09,mgr_04,BINANCE,LIMIT,0.000614,SETTLED,VC827,f1f205813b0b,223,EU-CENTRAL,v2.2,94bd4731,MSG794124844
BATUSDT_00000518,2026-01-28 14:29:15.447702,0.173103,0.037388,SELL,trader_09,mgr_04,BINANCE,LIMIT,0.000926,SETTLED,VC683,2b61b5f07faa,59,EU-CENTRAL,v2.3,d9f966ca,MSG453122442
BATUSDT_00000519,2026-01-28 14:41:34.196789,0.173027,0.034102,SELL,trader_09,mgr_04,BINANCE,MARKET,0.001291,SETTLED,VC414,b431c524a36f,9,EU-CENTRAL,v2.3,f6aa7753,MSG200370367
BATUSDT_00000459,2026-01-28 20:49:03.875717,0.17184,1.949221,SELL,wallet_BAT0030,,BINANCE,MARKET,0.001342,SETTLED,VC467,b0775f84c96a,327,APAC-NORTH,v2.3,88e6b2cf,MSG586782372
BATUSDT_00000247,2026-01-29 03:19:52.264153,0.168747,2.964957,BUY,wallet_BAT0011,,BINANCE,MARKET,0.00143,SETTLED,VC783,229d13ecb0e2,73,APAC-NORTH,v2.3,93e45de4,MSG540418008
BATUSDT_00000117,2026-01-29 04:18:13.380538,0.165946,0.025308,BUY,wallet_BAT0023,,BINANCE,MARKET,0.001472,SETTLED,VC919,50e6fee2735c,128,APAC-NORTH,v2.1,4961f8ea,MSG151690331
BATUSDT_00000009,2026-01-29 06:24:40.431596,0.16438,0.113526,BUY,wallet_BAT0012,,BINANCE,LIMIT,0.000826,SETTLED,VC109,bef901c65744,425,US-WEST,v3.0,60ac0c69,MSG726895560
BATUSDT_00000002,2026-01-29 06:58:44.109632,0.163959,0.629097,BUY,wallet_BAT0021,,BINANCE,MARKET,0.000713,SETTLED,VC414,31a811f974b2,228,APAC-NORTH,v2.1,9037150b,MSG599046293
BATUSDT_00000277,2026-01-29 14:27:57.490354,0.161803,0.097882,SELL,wallet_BAT0005,,BINANCE,MARKET,0.001333,SETTLED,VC757,86e63ee39bbb,374,US-WEST,v2.3,80682b20,MSG735782728
BATUSDT_00000238,2026-01-29 15:26:27.692454,0.154476,0.530253,BUY,wallet_BAT0030,,BINANCE,LIMIT,0.000893,SETTLED,VC886,4edd814ad15e,472,APAC-SOUTH,v2.2,feebc718,MSG382558962
BATUSDT_00000177,2026-01-29 18:22:44.490768,0.153948,1.364888,BUY,wallet_BAT0023,,BINANCE,LIMIT,0.001158,SETTLED,VC477,5bf43263c7c4,2,US-WEST,v3.0,6b7034c2,MSG661437274
BATUSDT_00000151,2026-01-29 23:05:53.330672,0.154849,0.395063,SELL,wallet_BAT0006,,BINANCE,LIMIT,0.001158,SETTLED,VC957,d1ac49f0d06f,381,US-EAST,v2.2,1799c6c1,MSG594121919
BATUSDT_00000123,2026-01-30 01:00:33.968667,0.156079,0.212162,BUY,wallet_BAT0025,,BINANCE,MARKET,0.00083,SETTLED,VC291,007d9162f499,395,US-WEST,v2.3,da552d09,MSG326366221
BATUSDT_00000229,2026-01-30 01:46:26.039695,0.153425,0.034455,SELL,wallet_BAT0013,,BINANCE,LIMIT,0.00051,SETTLED,VC548,c47eae24ea5a,374,APAC-NORTH,v2.2,847f8825,MSG690579034
BATUSDT_00000181,2026-01-30 02:08:40.016129,0.151871,0.069745,SELL,wallet_BAT0019,,BINANCE,MARKET,0.001203,SETTLED,VC795,b2e77f9fddd4,345,APAC-SOUTH,v2.3,e468b911,MSG765904691
BATUSDT_00000194,2026-01-30 02:18:19.118329,0.151338,8.829637,SELL,wallet_BAT0005,,BINANCE,LIMIT,0.000551,SETTLED,VC501,d18749341842,268,EU-CENTRAL,v2.2,9714b9d3,MSG162299675
BATUSDT_00000104,2026-01-30 05:53:14.208679,0.150555,0.308281,BUY,wallet_BAT0010,,BINANCE,MARKET,0.000606,SETTLED,VC945,91cdd9f8b63f,319,APAC-NORTH,v2.3,3246f3dd,MSG393730599
BATUSDT_00000291,2026-01-30 17:26:25.990296,0.152156,0.214244,SELL,wallet_BAT0027,,BINANCE,MARKET,0.000826,SETTLED,VC790,32fc27c64546,135,EU-CENTRAL,v2.2,225215ed,MSG210816990
BATUSDT_00000342,2026-01-30 22:03:44.881209,0.14881,0.478671,BUY,wallet_BAT0007,,BINANCE,MARKET,0.000925,SETTLED,VC271,b55521f572dc,160,US-WEST,v3.0,90bf1b9f,MSG727699800
BATUSDT_00000035,2026-01-30 23:45:40.699027,0.147682,0.802283,BUY,wallet_BAT0030,,BINANCE,MARKET,0.000869,SETTLED,VC438,76bcda4ffbee,135,US-WEST,v3.0,8a17e771,MSG901357643
BATUSDT_00000220,2026-01-30 23:55:35.734505,0.144127,0.030788,SELL,wallet_BAT0026,,BINANCE,MARKET,0.000738,SETTLED,VC766,2e18fee784da,450,US-WEST,v2.2,5a7945e8,MSG599492823
BATUSDT_00000438,2026-01-30 23:57:01.402996,0.145981,0.091602,SELL,wallet_BAT0017,,BINANCE,LIMIT,0.001374,SETTLED,VC669,aa2a9851b8c9,183,US-EAST,v2.2,acd21f0a,MSG911242835
BATUSDT_00000095,2026-01-31 06:47:39.693484,0.1423,0.035122,SELL,wallet_BAT0013,,BINANCE,LIMIT,0.000566,SETTLED,VC399,301063cfa3fe,387,APAC-NORTH,v2.2,f0537031,MSG598772000
BATUSDT_00000439,2026-01-31 09:05:07.500100,0.140578,0.058354,BUY,wallet_BAT0004,,BINANCE,MARKET,0.001476,SETTLED,VC937,23eae1d1d1dc,137,EU-CENTRAL,v3.0,6875ed8c,MSG851344727
BATUSDT_00000491,2026-01-31 09:30:50.184976,0.140132,0.260023,SELL,wallet_BAT0021,,BINANCE,LIMIT,0.000538,SETTLED,VC944,b3d190ace02a,143,US-EAST,v2.2,903dfa5f,MSG313286921
BATUSDT_00000108,2026-01-31 17:01:23.162604,0.131583,2.142377,BUY,wallet_BAT0011,,BINANCE,MARKET,0.001232,SETTLED,VC737,6c5b1d507aeb,232,APAC-NORTH,v2.3,ce22ec41,MSG653544084
BATUSDT_00000395,2026-01-31 17:10:53.409596,0.129491,0.951689,SELL,wallet_BAT0002,,BINANCE,LIMIT,0.000577,SETTLED,VC994,99c2fcd489d7,199,US-EAST,v3.0,e04b0064,MSG883465438
BATUSDT_00000424,2026-01-31 17:50:05.511104,0.124269,0.014566,SELL,wallet_BAT0009,,BINANCE,MARKET,0.001036,SETTLED,VC678,6892c2521060,378,US-EAST,v2.2,eb91e132,MSG262494715
BATUSDT_00000340,2026-01-31 17:51:15.137371,0.123694,0.063696,SELL,wallet_BAT0010,,BINANCE,LIMIT,0.000835,SETTLED,VC658,ae93418eeb7a,348,APAC-SOUTH,v2.3,98514372,MSG621173884
BATUSDT_00000110,2026-01-31 18:44:41.797033,0.118058,0.394478,BUY,wallet_BAT0013,,BINANCE,MARKET,0.000992,SETTLED,VC571,eb6437c00eef,81,APAC-NORTH,v2.2,ec3fec78,MSG276941219
BATUSDT_00000219,2026-01-31 18:44:56.008892,0.117352,0.081935,BUY,wallet_BAT0016,,BINANCE,LIMIT,0.00075,SETTLED,VC417,327176e7c48f,190,APAC-NORTH,v3.0,f7c2bcf4,MSG384819388
BATUSDT_00000323,2026-01-31 18:45:46.886870,0.121519,0.438415,SELL,wallet_BAT0016,,BINANCE,STOP_LIMIT,0.001034,SETTLED,VC813,1fbd79f9f255,322,US-EAST,v2.3,8894e38e,MSG259228268
BATUSDT_00000361,2026-01-31 19:01:38.191284,0.123423,0.156141,SELL,wallet_BAT0011,,BINANCE,STOP_LIMIT,0.000609,SETTLED,VC279,a8101b25e3ea,109,US-WEST,v2.2,1813e428,MSG330172203
BATUSDT_00000090,2026-01-31 19:48:30.219114,0.124293,0.018732,SELL,wallet_BAT0029,,BINANCE,LIMIT,0.000759,SETTLED,VC429,c711aec42792,284,APAC-SOUTH,v2.2,f80b12db,MSG498800249
BATUSDT_00000131,2026-01-31 21:15:02.042737,0.124513,0.134432,BUY,wallet_BAT0003,,BINANCE,MARKET,0.001461,SETTLED,VC133,4995e555ce56,186,EU-CENTRAL,v2.3,c6a55ee4,MSG334495611
BATUSDT_00000057,2026-02-01 01:49:30.380193,0.128867,3.985706,SELL,wallet_BAT0008,,BINANCE,MARKET,0.001234,SETTLED,VC808,3647c80652be,475,US-EAST,v2.3,97d06697,MSG933765624
BATUSDT_00000464,2026-02-01 04:08:16.451258,0.130386,0.032201,BUY,wallet_BAT0013,,BINANCE,MARKET,0.000959,SETTLED,VC599,ecbbbec499a8,121,APAC-NORTH,v2.3,96767ecb,MSG462168063
BATUSDT_00000408,2026-02-01 09:07:14.372120,0.129365,1.463237,BUY,wallet_BAT0006,,BINANCE,LIMIT,0.001319,SETTLED,VC993,d5799b12b7e7,207,US-EAST,v2.3,6597aba9,MSG480251529
BATUSDT_00000185,2026-02-01 15:38:31.252154,0.123066,0.456412,BUY,wallet_BAT0005,,BINANCE,MARKET,0.000667,SETTLED,VC910,a5bfc73f7a7d,355,US-WEST,v2.2,21f43a88,MSG305637916
BATUSDT_00000210,2026-02-01 15:38:39.820234,0.123431,0.24541,BUY,wallet_BAT0022,,BINANCE,MARKET,0.000959,SETTLED,VC414,9468296c9e31,386,APAC-NORTH,v2.3,69053afb,MSG885774159
BATUSDT_00000154,2026-02-01 23:34:29.625653,0.1251,0.552763,SELL,wallet_BAT0027,,BINANCE,MARKET,0.001197,SETTLED,VC264,d19d1d271c84,217,US-EAST,v2.2,be0759ea,MSG327898213
BATUSDT_00000281,2026-02-02 02:45:59.131171,0.125885,0.199314,SELL,wallet_BAT0008,,BINANCE,LIMIT,0.001235,SETTLED,VC980,e2e6837927f6,458,APAC-NORTH,v2.3,08d997a2,MSG106172793
BATUSDT_00000046,2026-02-02 04:51:06.563301,0.125873,0.011615,SELL,wallet_BAT0005,,BINANCE,MARKET,0.001212,SETTLED,VC120,245a4fcd46f0,345,EU-CENTRAL,v2.3,01c1488e,MSG753859201
BATUSDT_00000367,2026-02-02 05:53:32.116669,0.123343,1.010429,BUY,wallet_BAT0019,,BINANCE,MARKET,0.001053,SETTLED,VC395,a7ca55abf75d,426,US-EAST,v3.0,91e576d9,MSG380717909
BATUSDT_00000015,2026-02-02 07:08:47.101727,0.124876,0.734117,BUY,wallet_BAT0014,,BINANCE,STOP_LIMIT,0.000531,SETTLED,VC893,596d3c24c50d,386,US-WEST,v2.3,75a955bf,MSG981770051
BATUSDT_00000440,2026-02-02 13:46:57.132071,0.125425,0.039617,BUY,wallet_BAT0006,,BINANCE,LIMIT,0.001223,SETTLED,VC820,859fdd1dcba2,122,US-WEST,v2.2,52242dc2,MSG155961087
BATUSDT_00000446,2026-02-02 19:36:47.913822,0.122954,0.079351,SELL,wallet_BAT0026,,BINANCE,STOP_LIMIT,0.001351,SETTLED,VC934,9ac209b98867,235,APAC-NORTH,v2.3,3804faaa,MSG832204463
BATUSDT_00000482,2026-02-02 21:13:35.972936,0.1238,0.105651,SELL,wallet_BAT0004,,BINANCE,LIMIT,0.001445,SETTLED,VC408,fa127a225939,24,EU-CENTRAL,v2.3,a0d7df89,MSG822017962
BATUSDT_00000412,2026-02-03 00:32:38.148867,0.123856,0.377603,SELL,wallet_BAT0021,,BINANCE,STOP_LIMIT,0.000752,SETTLED,VC397,a1ff4101f481,72,APAC-NORTH,v2.2,f1bb09d8,MSG906724790
BATUSDT_00000304,2026-02-03 02:05:13.810665,0.12297,0.164257,SELL,wallet_BAT0022,,BINANCE,LIMIT,0.000632,SETTLED,VC867,761c8bcbf605,66,APAC-SOUTH,v2.3,64c05938,MSG556178910
BATUSDT_00000018,2026-02-03 02:31:51.934487,0.122221,0.363849,SELL,wallet_BAT0003,,BINANCE,MARKET,0.000624,SETTLED,VC923,5dbe537bc9c5,478,EU-CENTRAL,v2.3,d7af4cdf,MSG155937548
BATUSDT_00000169,2026-02-03 04:45:42.637234,0.124708,0.109534,BUY,wallet_BAT0013,,BINANCE,MARKET,0.001073,SETTLED,VC617,80896aa2b9a2,429,US-WEST,v2.3,b55293e5,MSG706070865
BATUSDT_00000242,2026-02-03 04:59:12.359871,0.128128,0.333427,SELL,wallet_BAT0028,,BINANCE,LIMIT,0.000511,SETTLED,VC801,f77b25226fe0,468,EU-CENTRAL,v2.3,765d5f95,MSG781061210
BATUSDT_00000145,2026-02-03 05:05:30.110351,0.129557,0.705525,SELL,wallet_BAT0003,,BINANCE,MARKET,0.000801,SETTLED,VC399,fe119a2b87ef,362,US-EAST,v2.2,34a7e0ce,MSG641390288
BATUSDT_00000450,2026-02-03 05:06:16.504384,0.128718,1.3198,BUY,wallet_BAT0007,,BINANCE,LIMIT,0.001375,SETTLED,VC886,63ee1a6c7261,80,US-WEST,v3.0,c0daf47c,MSG514232066
BATUSDT_00000078,2026-02-03 06:03:22.331069,0.126207,0.21623,SELL,wallet_BAT0002,,BINANCE,STOP_LIMIT,0.00132,SETTLED,VC290,173f605444f6,386,US-WEST,v3.0,edb89a61,MSG498505408
BATUSDT_00000137,2026-02-03 06:07:57.549748,0.125641,0.269535,SELL,wallet_BAT0010,,BINANCE,MARKET,0.000771,SETTLED,VC724,628bbd90e370,345,US-WEST,v2.2,c5ebab9e,MSG286973193
BATUSDT_00000241,2026-02-03 08:13:21.923269,0.12492,0.117155,BUY,wallet_BAT0007,,BINANCE,MARKET,0.001279,SETTLED,VC447,229c01376e09,199,US-WEST,v2.1,bfb8ac8f,MSG329711437
BATUSDT_00000428,2026-02-03 11:46:24.181697,0.1241,0.581864,SELL,wallet_BAT0017,,BINANCE,MARKET,0.000823,SETTLED,VC388,9224ad75182d,424,US-EAST,v3.0,911f38b7,MSG754364369
BATUSDT_00000305,2026-02-03 12:54:05.374708,0.1234,0.079872,BUY,wallet_BAT0003,,BINANCE,MARKET,0.001102,SETTLED,VC882,1a670ee82124,469,EU-CENTRAL,v2.3,7265bafb,MSG980768738
BATUSDT_00000204,2026-02-03 15:15:18.868697,0.120587,0.081637,SELL,wallet_BAT0013,,BINANCE,MARKET,0.001266,SETTLED,VC647,82ff1123062c,7,EU-CENTRAL,v2.3,86129627,MSG940096040
BATUSDT_00000187,2026-02-03 15:56:56.651113,0.122833,1.181225,BUY,wallet_BAT0028,,BINANCE,MARKET,0.000857,SETTLED,VC970,20f1d141e6dd,420,APAC-SOUTH,v2.3,a4210015,MSG882490362
BATUSDT_00000442,2026-02-03 16:24:10.260487,0.120924,0.074704,BUY,wallet_BAT0023,,BINANCE,LIMIT,0.00083,SETTLED,VC550,f553dc08abb4,23,EU-CENTRAL,v2.2,f0c04c1b,MSG926446238
BATUSDT_00000004,2026-02-03 19:52:06.792937,0.119881,0.690666,SELL,wallet_BAT0016,,BINANCE,MARKET,0.001365,SETTLED,VC830,6bf1bbec370d,298,US-WEST,v3.0,eda49b72,MSG513758124
BATUSDT_00000153,2026-02-03 21:53:13.326812,0.121564,0.194313,BUY,wallet_BAT0030,,BINANCE,MARKET,0.001218,SETTLED,VC350,d4e95abc96f9,314,EU-CENTRAL,v3.0,37bc1524,MSG205170305
BATUSDT_00000285,2026-02-04 03:05:14.869676,0.120474,0.077709,BUY,wallet_BAT0024,,BINANCE,MARKET,0.000569,SETTLED,VC140,bc203c87e9c7,54,APAC-NORTH,v2.3,0caa17d4,MSG192433933
BATUSDT_00000024,2026-02-04 03:40:28.921835,0.123981,0.3552,SELL,wallet_BAT0002,,BINANCE,MARKET,0.001322,SETTLED,VC927,8a76e9e663e1,178,APAC-SOUTH,v3.0,41b1bda6,MSG788318663
BATUSDT_00000338,2026-02-04 03:45:07.163518,0.123898,3.60788,BUY,wallet_BAT0007,,BINANCE,LIMIT,0.001026,SETTLED,VC192,e3fad6b49aeb,133,APAC-NORTH,v2.3,b2fce324,MSG822681210
BATUSDT_00000103,2026-02-04 03:55:47.744602,0.123495,1.415602,BUY,wallet_BAT0007,,BINANCE,MARKET,0.000972,SETTLED,VC127,72dc627b1895,381,US-WEST,v3.0,bb22711d,MSG167009749
BATUSDT_00000167,2026-02-04 05:21:54.313298,0.122415,3.389961,SELL,wallet_BAT0005,,BINANCE,MARKET,0.000735,SETTLED,VC687,4d6fbbdd6b44,54,US-EAST,v2.2,aad7768e,MSG816924243
BATUSDT_00000251,2026-02-04 05:42:05.244331,0.122574,0.701311,SELL,wallet_BAT0017,,BINANCE,STOP_LIMIT,0.000565,SETTLED,VC654,eb233d80665d,303,US-WEST,v2.3,b26f4d8c,MSG100569676
BATUSDT_00000195,2026-02-04 05:50:00.411395,0.12275,0.03176,SELL,wallet_BAT0024,,BINANCE,MARKET,0.001246,SETTLED,VC229,62025b876e6b,75,EU-CENTRAL,v3.0,579ceb06,MSG969039332
BATUSDT_00000343,2026-02-04 06:11:39.132568,0.12414,1.250383,BUY,wallet_BAT0005,,BINANCE,MARKET,0.00068,SETTLED,VC483,41c2796fc26a,176,US-WEST,v2.3,eccf6ef2,MSG584701519
BATUSDT_00000270,2026-02-04 06:21:06.062359,0.123479,0.040094,BUY,wallet_BAT0004,,BINANCE,LIMIT,0.001189,SETTLED,VC236,305cb6bcfa2f,471,APAC-SOUTH,v2.3,e257acf3,MSG837976332
BATUSDT_00000402,2026-02-04 12:42:24.786456,0.122,0.038777,BUY,wallet_BAT0029,,BINANCE,MARKET,0.000712,SETTLED,VC390,2400bba476e4,402,EU-CENTRAL,v2.2,a348f589,MSG462433015
BATUSDT_00000205,2026-02-04 16:38:52.599317,0.118174,0.048621,BUY,wallet_BAT0028,,BINANCE,LIMIT,0.00144,SETTLED,VC127,29c6fc273de3,439,US-WEST,v3.0,d91e8b0c,MSG109827789
BATUSDT_00000207,2026-02-04 18:09:05.015480,0.117471,0.152788,BUY,wallet_BAT0020,,BINANCE,MARKET,0.001083,SETTLED,VC161,ffd510ffe962,222,US-EAST,v2.2,3aeedecf,MSG525058102
BATUSDT_00000175,2026-02-04 18:36:28.223153,0.119631,0.333403,SELL,wallet_BAT0014,,BINANCE,MARKET,0.001168,SETTLED,VC471,284238bad0e8,381,US-EAST,v2.2,0763ccc2,MSG102267171
BATUSDT_00000427,2026-02-04 18:47:35.768557,0.120483,0.063319,SELL,wallet_BAT0008,,BINANCE,MARKET,0.001277,SETTLED,VC445,9ad6577655ff,207,US-WEST,v2.1,bf61bf57,MSG785638605
BATUSDT_00000087,2026-02-04 19:49:36.061984,0.12183,1.403014,BUY,wallet_BAT0012,,BINANCE,MARKET,0.000926,SETTLED,VC263,0cab98f8c82e,472,APAC-SOUTH,v2.1,ff04012f,MSG166290975
BATUSDT_00000393,2026-02-05 02:43:47.189845,0.121225,0.659173,BUY,wallet_BAT0010,,BINANCE,MARKET,0.000661,SETTLED,VC705,03f127bfaf83,80,EU-CENTRAL,v3.0,97cd1668,MSG940925277
BATUSDT_00000284,2026-02-05 09:20:04.835635,0.124567,0.00499,SELL,wallet_BAT0027,,BINANCE,MARKET,0.001494,SETTLED,VC977,0b758b88c975,361,US-EAST,v2.3,6261717b,MSG961111564
BATUSDT_00000462,2026-02-05 11:35:01.927958,0.121863,0.354258,SELL,wallet_BAT0026,,BINANCE,STOP_LIMIT,0.001292,SETTLED,VC483,99c54289b9fb,402,US-WEST,v2.3,b257a066,MSG631646214
BATUSDT_00000300,2026-02-05 13:17:16.562973,0.120186,0.17938,SELL,wallet_BAT0003,,BINANCE,LIMIT,0.000632,SETTLED,VC954,987a9dd63388,283,EU-CENTRAL,v2.2,eeab997d,MSG451962140
BATUSDT_00000362,2026-02-05 13:35:16.172638,0.119834,0.368582,BUY,wallet_BAT0007,,BINANCE,MARKET,0.001222,SETTLED,VC787,14f8da50ef47,416,APAC-NORTH,v2.3,67a63267,MSG786156442
BATUSDT_00000368,2026-02-05 14:02:36.060372,0.120267,0.02446,BUY,wallet_BAT0010,,BINANCE,LIMIT,0.000927,SETTLED,VC100,4ac03cfe41e4,80,EU-CENTRAL,v2.2,cbb295f2,MSG518852665
BATUSDT_00000217,2026-02-05 15:00:17.535293,0.122317,0.062785,BUY,wallet_BAT0009,,BINANCE,LIMIT,0.001273,SETTLED,VC194,d082ddb9ff58,34,APAC-SOUTH,v2.3,1d135dd7,MSG637271673
BATUSDT_00000250,2026-02-05 15:41:36.099695,0.118641,0.012266,BUY,wallet_BAT0027,,BINANCE,MARKET,0.000983,SETTLED,VC328,3f6d38f20105,169,US-EAST,v2.3,0da2ac6a,MSG694968933
BATUSDT_00000174,2026-02-05 16:10:47.868751,0.116724,1.640307,BUY,wallet_BAT0025,,BINANCE,MARKET,0.001203,SETTLED,VC366,28b28ff8116c,455,EU-CENTRAL,v3.0,f1c44c55,MSG485929204
BATUSDT_00000456,2026-02-05 16:18:37.476577,0.116453,0.267068,SELL,wallet_BAT0013,,BINANCE,MARKET,0.000797,SETTLED,VC339,0fcbf22482b4,350,APAC-SOUTH,v2.3,6ace9d73,MSG802097827
BATUSDT_00000026,2026-02-05 16:24:27.717619,0.120647,0.027261,BUY,wallet_BAT0025,,BINANCE,LIMIT,0.001294,SETTLED,VC406,7ed983fc74ef,262,EU-CENTRAL,v2.3,541b1243,MSG875804631
BATUSDT_00000165,2026-02-05 16:40:46.429513,0.11834,0.112811,SELL,wallet_BAT0022,,BINANCE,LIMIT,0.000621,SETTLED,VC307,e51647e513fb,411,US-WEST,v2.2,9e46a078,MSG301439233
BATUSDT_00000429,2026-02-05 16:42:55.025687,0.117954,0.06264,SELL,wallet_BAT0011,,BINANCE,MARKET,0.000807,SETTLED,VC126,376e42e23423,258,APAC-SOUTH,v3.0,287d79e8,MSG126407857
BATUSDT_00000198,2026-02-05 18:07:33.373177,0.113746,1.600611,SELL,wallet_BAT0003,,BINANCE,MARKET,0.001204,SETTLED,VC963,d87cdee23378,2,APAC-SOUTH,v2.3,5cc511fd,MSG705704896
BATUSDT_00000267,2026-02-05 20:23:55.431292,0.109238,0.170993,SELL,wallet_BAT0026,,BINANCE,MARKET,0.000767,SETTLED,VC988,baf34a0f5165,95,APAC-NORTH,v2.3,7c00cfc9,MSG435161906
BATUSDT_00000389,2026-02-05 20:31:34.380094,0.108912,0.064301,SELL,wallet_BAT0015,,BINANCE,MARKET,0.000987,SETTLED,VC310,9c92e28f51d5,69,APAC-SOUTH,v2.2,d21c74b1,MSG264887741
BATUSDT_00000390,2026-02-05 20:34:42.416472,0.10899,0.051274,SELL,wallet_BAT0001,,BINANCE,LIMIT,0.001434,SETTLED,VC142,ce6c20ca310e,215,US-WEST,v2.3,6b5d851f,MSG104776276
BATUSDT_00000179,2026-02-05 21:03:49.239074,0.110755,0.559564,BUY,wallet_BAT0028,,BINANCE,MARKET,0.001077,SETTLED,VC154,e450a70c92b4,420,EU-CENTRAL,v2.3,c3010813,MSG549743300
BATUSDT_00000234,2026-02-06 00:03:55.476642,0.107254,0.395032,BUY,wallet_BAT0018,,BINANCE,MARKET,0.001177,SETTLED,VC548,7f355fb35f5e,383,EU-CENTRAL,v3.0,0c405a7d,MSG429848187
BATUSDT_00000178,2026-02-06 00:20:45.122252,0.098024,0.12132,SELL,wallet_BAT0011,,BINANCE,MARKET,0.001215,SETTLED,VC712,da286fe4c1a7,78,US-WEST,v2.2,4cd23dda,MSG178438045
BATUSDT_00000065,2026-02-06 00:24:27.243736,0.100609,0.053138,BUY,wallet_BAT0005,,BINANCE,MARKET,0.001213,SETTLED,VC792,69331ff29c58,343,APAC-NORTH,v2.2,fcd0a39b,MSG650348543
BATUSDT_00000071,2026-02-06 03:06:25.143319,0.107761,0.059696,SELL,wallet_BAT0004,,BINANCE,MARKET,0.000944,SETTLED,VC674,059e0164ec19,119,APAC-NORTH,v2.3,273e710e,MSG177398460
BATUSDT_00000098,2026-02-06 03:11:35.984015,0.106601,0.187751,BUY,wallet_BAT0002,,BINANCE,MARKET,0.001259,SETTLED,VC241,21c7491fd1ff,159,US-WEST,v2.3,cf6e2528,MSG219794063
BATUSDT_00000258,2026-02-06 10:42:48.053107,0.114832,0.397076,BUY,wallet_BAT0015,,BINANCE,STOP_LIMIT,0.000571,SETTLED,VC493,37211f579e1f,282,APAC-NORTH,v2.1,46cffe9c,MSG252242292
BATUSDT_00000301,2026-02-06 11:09:12.580736,0.11456,0.122517,SELL,wallet_BAT0015,,BINANCE,MARKET,0.001137,SETTLED,VC236,ba2d5309652e,196,US-EAST,v2.3,33f6aaf4,MSG199185965
BATUSDT_00000392,2026-02-06 17:04:39.537689,0.121889,0.590503,BUY,wallet_BAT0013,,BINANCE,MARKET,0.001402,SETTLED,VC252,f68e8b2487dd,263,US-EAST,v2.3,11b18a25,MSG113662219
BATUSDT_00000096,2026-02-06 18:46:41.353998,0.122464,0.186452,SELL,wallet_BAT0025,,BINANCE,MARKET,0.00092,SETTLED,VC934,594c8bd17503,43,APAC-NORTH,v2.3,a43ae8aa,MSG223146180
BATUSDT_00000364,2026-02-07 07:15:49.306288,0.118029,0.673317,SELL,wallet_BAT0008,,BINANCE,STOP_LIMIT,0.001011,SETTLED,VC329,109a1db044a4,133,APAC-NORTH,v2.3,ff2189c3,MSG680031414
BATUSDT_00000350,2026-02-07 07:20:32.293312,0.117908,4.812608,BUY,wallet_BAT0014,,BINANCE,LIMIT,0.000584,SETTLED,VC451,0de4e80c4b56,251,US-EAST,v3.0,bd977005,MSG541114552
BATUSDT_00000080,2026-02-07 09:43:20.988406,0.119303,0.028404,BUY,wallet_BAT0022,,BINANCE,MARKET,0.000991,SETTLED,VC338,6da904d8deb5,142,US-EAST,v2.3,f1f7edd9,MSG512292291
BATUSDT_00000263,2026-02-07 12:53:52.147351,0.121785,0.167453,SELL,wallet_BAT0007,,BINANCE,MARKET,0.00064,SETTLED,VC655,e00b7d8181f4,176,APAC-SOUTH,v2.2,184d5d55,MSG266356451
BATUSDT_00000299,2026-02-07 16:14:20.920603,0.123351,0.041049,SELL,wallet_BAT0026,,BINANCE,MARKET,0.000624,SETTLED,VC590,7126daf8a3a4,145,EU-CENTRAL,v2.3,fc77e7a1,MSG543901742
BATUSDT_00000054,2026-02-07 20:42:34.510055,0.1233,0.272552,BUY,wallet_BAT0024,,BINANCE,LIMIT,0.001364,SETTLED,VC363,04a5340d412e,92,US-EAST,v2.2,bd8b9ea7,MSG657258834
BATUSDT_00000385,2026-02-09 06:55:44.718747,0.126091,0.433807,SELL,wallet_BAT0011,,BINANCE,MARKET,0.001468,SETTLED,VC916,a58a8f1c3588,445,EU-CENTRAL,v2.3,20335759,MSG713476934
BATUSDT_00000423,2026-02-09 06:57:52.151015,0.126645,0.116745,BUY,wallet_BAT0018,,BINANCE,MARKET,0.00144,SETTLED,VC867,e6a19cd79bc7,54,APAC-SOUTH,v2.1,7e814be1,MSG710321209
BATUSDT_00000101,2026-02-09 08:00:44.568265,0.123535,0.024045,SELL,wallet_BAT0006,,BINANCE,MARKET,0.001451,SETTLED,VC361,2f4819373365,140,US-EAST,v2.3,99487e5b,MSG753163644
BATUSDT_00000520,2026-02-09 10:05:00.000000,0.124136,100.0,BUY,trader_10,mgr_04,BINANCE,MARKET,0.001023,SETTLED,VC853,5cf2754f9fbb,62,APAC-NORTH,v2.3,51ba573e,MSG262361023
BATUSDT_00000521,2026-02-09 12:55:54.024745,0.124268,89.515501,BUY,trader_10,mgr_04,BINANCE,MARKET,0.001311,SETTLED,VC635,d932b96ea6c8,162,EU-CENTRAL,v2.3,27960335,MSG883698369
BATUSDT_00000522,2026-02-09 13:09:44.329165,0.124308,85.890039,BUY,trader_10,mgr_04,BINANCE,MARKET,0.00055,SETTLED,VC634,c3d63307eb2e,149,EU-CENTRAL,v2.2,240e7974,MSG745961926
BATUSDT_00000523,2026-02-09 13:44:47.095565,0.124271,87.488397,BUY,trader_10,mgr_04,BINANCE,MARKET,0.000639,SETTLED,VC371,485c7eec7dd6,104,APAC-SOUTH,v2.3,81af4541,MSG969359863
BATUSDT_00000524,2026-02-09 13:53:42.579456,0.124663,90.879652,BUY,trader_10,mgr_04,BINANCE,MARKET,0.000584,SETTLED,VC640,66e879cc8f7e,48,APAC-SOUTH,v2.3,5ff6eaef,MSG191243842
BATUSDT_00000525,2026-02-09 14:07:30.164246,0.124671,90.894651,BUY,trader_10,mgr_04,BINANCE,MARKET,0.001026,SETTLED,VC127,9f2aaf3fec18,81,APAC-NORTH,v2.3,933db09b,MSG472656508
BATUSDT_00000013,2026-02-09 14:08:35.801214,0.122283,1.443283,SELL,wallet_BAT0010,,BINANCE,MARKET,0.00054,SETTLED,VC227,a25281818436,207,US-WEST,v2.1,b7390a6f,MSG774834625
BATUSDT_00000403,2026-02-09 14:41:35.141897,0.123424,0.548314,SELL,wallet_BAT0016,,BINANCE,STOP_LIMIT,0.001006,SETTLED,VC609,90ef907c0ff0,405,APAC-SOUTH,v3.0,dcf6e5a9,MSG838185540
BATUSDT_00000311,2026-02-09 16:20:51.022500,0.128151,0.079033,SELL,wallet_BAT0002,,BINANCE,MARKET,0.001114,SETTLED,VC222,8e5a9085d389,111,EU-CENTRAL,v3.0,8c78cc90,MSG528695884
BATUSDT_00000160,2026-02-09 17:10:46.417424,0.1308,0.777739,BUY,wallet_BAT0018,,BINANCE,LIMIT,0.000723,SETTLED,VC487,4d33c6024f60,311,US-EAST,v2.3,9be132ed,MSG816125070
BATUSDT_00000458,2026-02-09 19:32:48.518318,0.132967,0.463916,BUY,wallet_BAT0029,,BINANCE,MARKET,0.001418,SETTLED,VC286,6581ab76cc29,449,EU-CENTRAL,v2.2,de33b877,MSG408541026
BATUSDT_00000041,2026-02-09 23:56:25.931850,0.12906,1.036688,SELL,wallet_BAT0012,,BINANCE,MARKET,0.000626,SETTLED,VC992,bfb79d2d7242,277,APAC-NORTH,v2.2,077b00eb,MSG204010395
BATUSDT_00000052,2026-02-10 01:36:55.056687,0.132975,0.352587,BUY,wallet_BAT0003,,BINANCE,MARKET,0.001225,SETTLED,VC676,bb22f8b5cf01,157,APAC-SOUTH,v3.0,34c61a59,MSG735616860
BATUSDT_00000010,2026-02-10 02:27:00.893615,0.130703,0.013403,SELL,wallet_BAT0015,,BINANCE,LIMIT,0.001209,SETTLED,VC625,b3b77dc00471,266,US-EAST,v2.1,aa3dce52,MSG682543669
BATUSDT_00000455,2026-02-10 04:12:42.969882,0.130934,0.042536,BUY,wallet_BAT0015,,BINANCE,MARKET,0.000559,SETTLED,VC854,dedc601aec30,478,US-WEST,v2.3,beed6b14,MSG567149063
BATUSDT_00000059,2026-02-10 20:03:49.479057,0.133042,0.077149,SELL,wallet_BAT0011,,BINANCE,MARKET,0.001077,SETTLED,VC581,2331f37cae49,218,APAC-NORTH,v3.0,775821a7,MSG218651356
BATUSDT_00000171,2026-02-10 23:51:05.900201,0.137083,0.049294,BUY,wallet_BAT0007,,BINANCE,MARKET,0.001213,SETTLED,VC611,c67146d66cd9,66,APAC-SOUTH,v3.0,8e805e8d,MSG896261926
BATUSDT_00000444,2026-02-11 00:16:45.913046,0.135663,0.378639,SELL,wallet_BAT0010,,BINANCE,MARKET,0.000992,SETTLED,VC885,bd9c30a1ae29,425,US-WEST,v2.2,e20f9eeb,MSG557977314
BATUSDT_00000400,2026-02-11 00:53:00.164642,0.135082,0.082438,BUY,wallet_BAT0001,,BINANCE,LIMIT,0.001011,SETTLED,VC945,e1e3bb3fae73,307,US-EAST,v2.3,24700976,MSG911730925
BATUSDT_00000143,2026-02-11 03:26:00.014122,0.13251,0.247149,BUY,wallet_BAT0018,,BINANCE,LIMIT,0.000943,SETTLED,VC756,04db1bc9788c,330,APAC-NORTH,v2.3,efd38066,MSG664342409
BATUSDT_00000430,2026-02-11 04:48:53.417656,0.132068,0.25131,SELL,wallet_BAT0021,,BINANCE,LIMIT,0.001247,SETTLED,VC355,90648445d3bf,204,APAC-NORTH,v2.3,33a15af8,MSG406518538
BATUSDT_00000320,2026-02-11 08:14:09.451808,0.128732,0.350528,BUY,wallet_BAT0025,,BINANCE,MARKET,0.001406,SETTLED,VC718,da740931b5de,408,US-WEST,v2.3,abe6d614,MSG717205611
BATUSDT_00000260,2026-02-11 12:06:22.939075,0.131152,0.373387,BUY,wallet_BAT0022,,BINANCE,MARKET,0.000739,SETTLED,VC376,e527c198690d,329,APAC-SOUTH,v2.3,509b7b40,MSG758641596
BATUSDT_00000232,2026-02-11 12:10:37.926895,0.13162,0.149221,SELL,wallet_BAT0030,,BINANCE,MARKET,0.001499,SETTLED,VC987,e5c50cacfe8f,186,US-WEST,v2.3,fd0543ef,MSG215938347
BATUSDT_00000038,2026-02-11 14:03:45.839642,0.133801,0.060546,BUY,wallet_BAT0026,,BINANCE,MARKET,0.000806,SETTLED,VC179,ca27d9148924,201,US-WEST,v2.1,3c913c02,MSG982000866
BATUSDT_00000008,2026-02-11 14:08:57.725858,0.133872,0.725927,SELL,wallet_BAT0009,,BINANCE,MARKET,0.001294,SETTLED,VC623,cac58252b7f6,458,US-EAST,v2.2,da502515,MSG280209029
BATUSDT_00000500,2026-02-11 15:57:45.218503,0.133276,0.031473,BUY,wallet_BAT0030,,BINANCE,MARKET,0.000512,SETTLED,VC433,f62da89425b1,476,US-EAST,v3.0,faede5e2,MSG918575284
BATUSDT_00000451,2026-02-12 01:35:49.081359,0.136682,0.100082,SELL,wallet_BAT0019,,BINANCE,MARKET,0.001414,SETTLED,VC402,778dfbc5067b,18,APAC-NORTH,v2.3,d8a5f1f5,MSG572884154
BATUSDT_00000079,2026-02-12 07:15:06.100667,0.134945,0.223384,BUY,wallet_BAT0022,,BINANCE,LIMIT,0.000558,SETTLED,VC679,1f1fb780e2b3,305,US-EAST,v2.3,6d274366,MSG794531551
BATUSDT_00000068,2026-02-12 15:10:39.306954,0.13249,0.396849,BUY,wallet_BAT0019,,BINANCE,MARKET,0.001379,SETTLED,VC248,818931410049,226,APAC-SOUTH,v2.2,bfb725bc,MSG391796985
BATUSDT_00000188,2026-02-12 17:57:24.535404,0.128672,2.669002,SELL,wallet_BAT0002,,BINANCE,MARKET,0.001068,SETTLED,VC445,bb0dd9885d77,336,US-EAST,v2.3,36064979,MSG419964677
BATUSDT_00000336,2026-02-12 17:59:14.169830,0.127496,0.644861,BUY,wallet_BAT0015,,BINANCE,LIMIT,0.001214,SETTLED,VC444,7d7e40d2b00a,166,US-WEST,v2.3,4f45c25d,MSG542564414
BATUSDT_00000486,2026-02-12 17:59:41.912491,0.127666,1.039804,SELL,wallet_BAT0021,,BINANCE,LIMIT,0.00051,SETTLED,VC608,aa8656bffb65,425,US-WEST,v2.3,e0ffc383,MSG315843884
BATUSDT_00000316,2026-02-13 02:59:18.860078,0.129366,0.029684,SELL,wallet_BAT0016,,BINANCE,STOP_LIMIT,0.000703,SETTLED,VC854,642c2ed05bd8,100,APAC-NORTH,v2.1,676a080b,MSG630698958
BATUSDT_00000163,2026-02-13 15:47:47.806672,0.131273,0.569567,SELL,wallet_BAT0027,,BINANCE,MARKET,0.0009,SETTLED,VC270,2a49b1bfac61,82,APAC-NORTH,v2.3,25ea01ee,MSG240502177
BATUSDT_00000005,2026-02-14 01:14:53.687105,0.132142,0.406587,SELL,wallet_BAT0005,,BINANCE,MARKET,0.000843,SETTLED,VC309,f24f0fe36bef,77,APAC-SOUTH,v2.3,0d131437,MSG518830436
BATUSDT_00000485,2026-02-14 02:52:37.523556,0.1319,0.097121,BUY,wallet_BAT0022,,BINANCE,MARKET,0.000658,SETTLED,VC459,e6ceee61fe64,157,US-WEST,v2.1,6f33ca51,MSG483901208
BATUSDT_00000056,2026-02-14 11:34:03.358609,0.134495,0.090858,BUY,wallet_BAT0025,,BINANCE,MARKET,0.000605,SETTLED,VC181,bb3564d7e80f,268,US-EAST,v2.3,1e64d5e0,MSG881222543
BATUSDT_00000278,2026-02-14 18:52:18.678428,0.137174,0.351467,BUY,wallet_BAT0021,,BINANCE,MARKET,0.000864,SETTLED,VC539,93d5bca9d51d,187,US-WEST,v2.2,9f48ab86,MSG604518165
BATUSDT_00000073,2026-02-14 19:36:59.627423,0.137358,0.312631,SELL,wallet_BAT0011,,BINANCE,MARKET,0.001442,SETTLED,VC620,78a6e398d807,163,APAC-NORTH,v2.3,34b14a48,MSG186590427
BATUSDT_00000119,2026-02-14 20:42:51.490375,0.136627,0.010407,BUY,wallet_BAT0007,,BINANCE,MARKET,0.001054,SETTLED,VC864,58397690694c,215,EU-CENTRAL,v2.1,b533237e,MSG445131770
BATUSDT_00000092,2026-02-16 07:15:08.440484,0.133682,0.154335,SELL,wallet_BAT0009,,BINANCE,MARKET,0.00058,SETTLED,VC105,79b88a52cdcd,397,APAC-SOUTH,v2.3,f1c2639d,MSG175388255
BATUSDT_00000497,2026-02-16 07:16:33.125665,0.133682,0.150298,SELL,wallet_BAT0004,,BINANCE,MARKET,0.000781,SETTLED,VC504,f51ff311e83a,458,US-EAST,v2.3,07924679,MSG384020707
BATUSDT_00000360,2026-02-16 07:37:32.679044,0.131249,0.273556,SELL,wallet_BAT0028,,BINANCE,STOP_LIMIT,0.000711,SETTLED,VC364,36b1ac0ce827,254,EU-CENTRAL,v2.3,1c4637aa,MSG203128295
BATUSDT_00000526,2026-02-16 10:32:00.000000,0.130326,426.828654,BUY,trader_09,mgr_04,BINANCE,MARKET,0.000655,SETTLED,VC473,0162f9bb9721,477,APAC-SOUTH,v3.0,d7491bcf,MSG624828866
BATUSDT_00000527,2026-02-16 10:58:00.000000,0.130215,344.357452,BUY,trader_10,mgr_04,BINANCE,MARKET,0.001224,SETTLED,VC645,4d43edf8486b,234,APAC-SOUTH,v2.3,ee99e503,MSG802920111
BATUSDT_00000433,2026-02-16 15:43:02.474945,0.126192,4.017847,BUY,wallet_BAT0023,,BINANCE,MARKET,0.000846,SETTLED,VC814,a5082afb634a,224,EU-CENTRAL,v2.3,de940fe4,MSG804694578
BATUSDT_00000064,2026-02-17 03:49:47.660944,0.1289,0.074206,SELL,wallet_BAT0012,,BINANCE,MARKET,0.000799,SETTLED,VC891,656d0cf7b16a,71,APAC-NORTH,v2.1,f60277b8,MSG559230503
BATUSDT_00000286,2026-02-17 06:37:10.576313,0.128441,0.162487,BUY,wallet_BAT0006,,BINANCE,STOP_LIMIT,0.000694,SETTLED,VC738,9a97136e5b64,222,EU-CENTRAL,v2.3,795030ac,MSG595203045
BATUSDT_00000420,2026-02-17 16:40:11.613872,0.128542,0.053324,SELL,wallet_BAT0015,,BINANCE,MARKET,0.001411,SETTLED,VC430,883e195ee4e3,234,APAC-NORTH,v2.3,2d23944b,MSG642004167
BATUSDT_00000245,2026-02-18 10:56:19.887311,0.128441,0.004829,BUY,wallet_BAT0001,,BINANCE,MARKET,0.000723,SETTLED,VC354,7f43dc6d9d5b,351,US-EAST,v2.3,c8fca519,MSG959878310
BATUSDT_00000297,2026-02-18 13:56:26.497839,0.126449,0.319076,BUY,wallet_BAT0014,,BINANCE,MARKET,0.000744,SETTLED,VC127,6fbc47080bd2,432,US-WEST,v3.0,784b448e,MSG572104392
BATUSDT_00000330,2026-02-20 13:31:34.821422,0.118134,0.214,SELL,wallet_BAT0010,,BINANCE,MARKET,0.000853,SETTLED,VC344,8ee3dc6abdb4,233,EU-CENTRAL,v2.2,e107da76,MSG921940056
BATUSDT_00000489,2026-02-22 12:22:33.340056,0.118596,0.131664,BUY,wallet_BAT0026,,BINANCE,LIMIT,0.001407,SETTLED,VC126,318d9757972e,132,APAC-SOUTH,v2.2,4340b95f,MSG752915610
BATUSDT_00000404,2026-02-23 01:10:12.804192,0.112107,0.113158,SELL,wallet_BAT0025,,BINANCE,MARKET,0.001315,SETTLED,VC153,bcc8fdaf622a,12,APAC-NORTH,v2.3,51b95ae8,MSG581854256
BATUSDT_00000528,2026-02-23 10:10:10.120908,0.116325,96.582923,BUY,trader_09,mgr_04,BINANCE,MARKET,0.00097,SETTLED,VC266,fbb66b540d41,341,APAC-SOUTH,v2.1,110b3e17,MSG743265025
BATUSDT_00000532,2026-02-23 10:32:55.829487,0.116097,82.201532,BUY,trader_10,mgr_04,BINANCE,MARKET,0.000828,SETTLED,VC457,c0fa226fb62f,417,EU-CENTRAL,v2.3,aa9a11dc,MSG909080422
BATUSDT_00000533,2026-02-23 11:10:05.229428,0.115965,91.08968,BUY,trader_10,mgr_04,BINANCE,LIMIT,0.00061,SETTLED,VC614,185f89516734,194,US-EAST,v3.0,1adfe670,MSG363954661
BATUSDT_00000529,2026-02-23 11:23:58.587047,0.116446,93.676919,BUY,trader_09,mgr_04,BINANCE,LIMIT,0.001436,SETTLED,VC836,250e71ce79fd,461,EU-CENTRAL,v2.1,ed2bd2b0,MSG891115963
BATUSDT_00000534,2026-02-23 11:25:57.436010,0.116187,83.156532,BUY,trader_10,mgr_04,BINANCE,MARKET,0.000709,SETTLED,VC947,3b5487eadea0,467,US-EAST,v2.3,6c1844f9,MSG502239726
BATUSDT_00000530,2026-02-23 11:34:58.143280,0.116029,94.751405,BUY,trader_09,mgr_04,BINANCE,LIMIT,0.00117,SETTLED,VC709,a6efc0e9b7e8,426,EU-CENTRAL,v2.2,6bbe10f9,MSG560671794
BATUSDT_00000531,2026-02-23 11:51:01.626731,0.115987,94.865523,BUY,trader_09,mgr_04,BINANCE,MARKET,0.001185,SETTLED,VC717,36d82d2e389a,82,APAC-NORTH,v2.3,2e4307c6,MSG913651921
BATUSDT_00000535,2026-02-23 11:58:07.960601,0.115885,87.958174,BUY,trader_10,mgr_04,BINANCE,MARKET,0.000953,SETTLED,VC706,af5a91f5e885,192,APAC-SOUTH,v3.0,162cbb08,MSG516234644
BATUSDT_00000168,2026-02-24 00:02:29.230268,0.116519,0.568361,SELL,wallet_BAT0024,,BINANCE,LIMIT,0.000781,SETTLED,VC214,14101b5c39b9,164,APAC-SOUTH,v2.2,b2813638,MSG442351367
BATUSDT_00000164,2026-02-24 20:01:43.152984,0.116,1.186261,BUY,wallet_BAT0018,,BINANCE,MARKET,0.000691,SETTLED,VC584,8fa337689c7a,312,APAC-SOUTH,v2.3,3fa0513a,MSG870433310
BATUSDT_00000293,2026-02-25 11:41:35.256818,0.121,1.177347,BUY,wallet_BAT0024,,BINANCE,LIMIT,0.000915,SETTLED,VC860,2eee41fac66d,112,APAC-SOUTH,v3.0,e561bcf5,MSG469651336
BATUSDT_00000190,2026-02-26 04:43:08.598253,0.120761,0.046342,SELL,wallet_BAT0026,,BINANCE,LIMIT,0.001442,SETTLED,VC903,1ecf6ac91967,215,APAC-NORTH,v2.3,bee20382,MSG800759339
BATUSDT_00000191,2026-02-26 04:47:19.798192,0.12045,0.043835,BUY,wallet_BAT0029,,BINANCE,MARKET,0.000525,SETTLED,VC455,d6f14b4921bf,312,US-WEST,v2.2,16213710,MSG543387837
BATUSDT_00000109,2026-02-26 05:31:42.683550,0.116225,2.050521,SELL,wallet_BAT0019,,BINANCE,MARKET,0.001231,SETTLED,VC586,2e3038003bc7,353,APAC-SOUTH,v2.2,4a48a6a5,MSG143781326
BATUSDT_00000121,2026-02-26 15:36:00.048582,0.112727,0.090718,BUY,wallet_BAT0018,,BINANCE,LIMIT,0.000997,SETTLED,VC441,9da7458f8d5a,77,EU-CENTRAL,v2.3,2f076668,MSG637459831
BATUSDT_00000255,2026-02-26 16:31:52.613166,0.113499,0.111125,SELL,wallet_BAT0030,,BINANCE,MARKET,0.00094,SETTLED,VC375,33c995331516,371,US-WEST,v2.3,0198faf5,MSG206828010
BATUSDT_00000296,2026-02-26 19:59:47.577025,0.113779,0.440316,SELL,wallet_BAT0013,,BINANCE,STOP_LIMIT,0.001165,SETTLED,VC240,207821b5cfde,175,APAC-NORTH,v2.3,c873eb6d,MSG512581343
BATUSDT_00000044,2026-02-26 20:08:49.294521,0.113735,0.633897,BUY,wallet_BAT0025,,BINANCE,MARKET,0.001018,SETTLED,VC248,02189b63a06f,381,US-EAST,v2.3,0b86299b,MSG545417630
BATUSDT_00000182,2026-02-27 00:11:46.284295,0.113857,0.063408,BUY,wallet_BAT0002,,BINANCE,LIMIT,0.00057,SETTLED,VC295,e43e8e102c8d,62,APAC-SOUTH,v2.2,08e54d3a,MSG701388227
BATUSDT_00000012,2026-02-27 04:20:34.811573,0.114882,2.338318,SELL,wallet_BAT0009,,BINANCE,MARKET,0.000613,SETTLED,VC114,9b1be3c0d24e,300,APAC-NORTH,v2.3,e173e712,MSG620811165
BATUSDT_00000197,2026-02-27 04:39:43.365987,0.111873,0.153425,BUY,wallet_BAT0028,,BINANCE,LIMIT,0.000845,SETTLED,VC460,96db4404ed9f,260,APAC-SOUTH,v2.2,74e93970,MSG391108869
BATUSDT_00000345,2026-02-27 04:40:33.095521,0.110818,0.072748,SELL,wallet_BAT0006,,BINANCE,MARKET,0.000775,SETTLED,VC821,f3b80ef0ed35,164,APAC-NORTH,v2.3,cf590094,MSG300760147
BATUSDT_00000481,2026-02-27 04:50:16.943726,0.109368,0.273149,SELL,wallet_BAT0001,,BINANCE,LIMIT,0.001127,SETTLED,VC168,b2a306245a9a,110,US-EAST,v2.3,579cf7be,MSG413870195
BATUSDT_00000419,2026-02-27 04:57:25.043683,0.110325,0.146577,SELL,wallet_BAT0006,,BINANCE,MARKET,0.000601,SETTLED,VC180,cf9767f0d4b7,88,US-EAST,v2.2,1b69cb6a,MSG326654679
BATUSDT_00000282,2026-02-27 05:12:40.037749,0.107028,0.553928,BUY,wallet_BAT0004,,BINANCE,MARKET,0.001049,SETTLED,VC762,c5b96a578281,457,APAC-NORTH,v3.0,a998117d,MSG155947954
BATUSDT_00000279,2026-02-27 05:13:41.767351,0.106055,0.039824,BUY,wallet_BAT0006,,BINANCE,MARKET,0.000939,SETTLED,VC709,edb15f49092f,60,APAC-NORTH,v3.0,8244ea60,MSG751364931
BATUSDT_00000326,2026-02-27 05:13:53.257008,0.106461,0.152644,SELL,wallet_BAT0003,,BINANCE,LIMIT,0.001177,SETTLED,VC719,e47b98aad708,296,US-WEST,v2.3,87e1b14b,MSG270256552
BATUSDT_00000294,2026-02-27 08:26:17.301339,0.109051,1.57502,SELL,wallet_BAT0012,,BINANCE,MARKET,0.000517,SETTLED,VC539,80bc420591b1,69,US-EAST,v3.0,932d636a,MSG687362348
BATUSDT_00000047,2026-02-27 12:00:01.395843,0.108505,0.405167,BUY,wallet_BAT0004,,BINANCE,STOP_LIMIT,0.000647,SETTLED,VC221,c007d9a498a1,387,US-EAST,v3.0,a6014931,MSG837624217
BATUSDT_00000443,2026-02-28 07:05:55.946358,0.10296,0.414752,BUY,wallet_BAT0021,,BINANCE,MARKET,0.000508,SETTLED,VC518,11217b10269b,176,APAC-NORTH,v3.0,2a931e09,MSG636086756
BATUSDT_00000434,2026-02-28 09:29:38.869299,0.103563,2.102929,BUY,wallet_BAT0001,,BINANCE,LIMIT,0.001279,SETTLED,VC312,23f576fddb7d,58,APAC-SOUTH,v2.2,73c420b6,MSG939680884
BATUSDT_00000089,2026-02-28 18:37:12.076322,0.104634,0.129565,BUY,wallet_BAT0013,,BINANCE,MARKET,0.00117,SETTLED,VC279,8866ae06adfc,372,APAC-NORTH,v2.3,b1637425,MSG719736651
BATUSDT_00000292,2026-02-28 19:07:10.911567,0.105266,0.223783,BUY,wallet_BAT0024,,BINANCE,MARKET,0.001008,SETTLED,VC399,9abc3c081971,216,US-WEST,v2.3,112076b1,MSG765725169
